,address,name_tag,label
0,0x03bdf69b1322d623836afbd27679a1c0afa067e9,AscendEX 1,"Accounts,AscendEX"
1,0x4b1a99467a284cc690e3237bc69105956816f762,AscendEX 2,"Accounts,AscendEX"
2,0x986a2fca9eda0e06fbf7839b89bfc006ee2a23dd,AscendEX 3,"Accounts,AscendEX"
3,0xcca0c9c383076649604ee31b20248bc04fdf61ca,BitMax: BTMX Token,"Accounts,AscendEX"
4,0x896c3307f0b10fb956f5d22185863c2917bf58c1,BitMax: Deployer,"Accounts,AscendEX"
5,0x1c289a12a8552b314d0d153d6991fd27a54aa640,BitMax: Old Token 1,"Accounts,AscendEX"
6,0xf45f0e16b5e096286e1fb463d34be9f3df5e3602,BitMax: Old Token 2,"Accounts,AscendEX"
7,0x544c42fbb96b39b21df61cf322b5edc285ee7429,InsurAce (INSUR),"TokenTracker,DeFianceCapital"
8,0xcca0c9c383076649604eE31b20248BC04FdF61cA,BitMax token (BTMX),"TokenTracker,AscendEX"
9,0xb2be281e8b11b47fec825973fc8bb95332022a54,Zerion: DeFi SDK v1.0,"Accounts,DeFi"
10,0x176b98ab38d1ae8ff3f30bf07f9b93e26f559c17,ACO: Factory Contract,"Accounts,DeFi"
11,0x9b436168dd080f1f95d1919258c64590263c0dae,CelsiusX 1,"Accounts,DeFi"
12,0x520da65f3b9b93a5bb6a1db911de40ae197aa639,CelsiusX 2,"Accounts,DeFi"
13,0x4859df02d1c7cd85c2a283708958aaa7728bad67,CelsiusX 3,"Accounts,DeFi"
14,0xfe4546fefe124f30788c4cc1bb9aa6907a7987f9,CelsiusX 4,"Accounts,DeFi"
15,0x64875aaa68d1d5521666c67d692ee0b926b08b2f,CelsiusX: cxADA Token,"Accounts,DeFi"
16,0xf9e293d5d793ddc1ae4f778761e0b3e4aa7cf2dd,CelsiusX: cxDOGE Token,"Accounts,DeFi"
17,0x5bca0f6cd5f9a74895d66005acef969342f301a0,CollateralSwap: Alpha,"Accounts,DeFi"
18,0xfd14431285a570adc839c73cc973542e0ffee56f,CollateralSwap: Core Alpha v0.2,"Accounts,DeFi"
19,0x3fda67f7583380e67ef93072294a7fac882fd7e7,Compound,"Accounts,DeFi"
20,0xa2b47e3d5c44877cca798226b7b8118f9bfb7a56,Curve.fi: Compound Swap,"Accounts,DeFi"
21,0x7fc77b5c7614e1533320ea6ddc2eb61fa00a9714,Curve.fi: sBTC Swap,"Accounts,DeFi"
22,0x52ea46506b9cc5ef470c5bf89f17dc28bb35d85c,Curve.fi: USDT Swap,"Accounts,DeFi"
23,0x45f783cce6b7ff23b2ab2d70e416cdb7d6055f51,Curve.fi: y Swap,"Accounts,DeFi"
24,0x0528a32fda5bedf89ba9ad67296db83c9452f28c,DeFi Saver: Owner,"Accounts,DeFi"
25, 0x745daa146934b27e3f0b6bff1a6e36b9b90fb131,DEX.AG: Proxy Contract,"Accounts,DeFi"
26,0xdd7680b6b2eec193ce3ece7129708ee12531bccf,DMM: Foundation Safe,"Accounts,DeFi"
27,0x1e0447b19bb6ecfdae1e4ae1694b0c3659614e4e,dYdX: Solo Margin,"Accounts,DeFi"
28,0x710b80571db3792fbf4df7763efa6548c25a1635,Furucombo: Proxy v0.2,"Accounts,DeFi"
29,0x25121eddf746c884dde4619b573a7b10714e2a36,Illuvium: ILV Core Pool,"Accounts,DeFi"
30,0x8b4d8443a0229349a9892d4f7cbe89ef5f843f72,Illuvium: ILV-ETH Core Pool,"Accounts,DeFi"
31,0x3a306a399085f3460bbcb5b77015ab33806a10d5,InstaDApp: Maker,"Accounts,DeFi"
32,0xa67b44e37200e92e6da6249d8ae6d48f832a038d,Iron Bank: CTokenAdmin,"Accounts,DeFi"
33,0x21b9e03f995b53c5c6d3f813b43ec8df16681da9,Iron Bank: FlashloanLender,"Accounts,DeFi"
34,0xfe842e95f8911dcc21c943a1daa4bd641a1381c6,mStable: BUSD feeder pool,"Accounts,DeFi"
35,0x4fb30c5a3ac8e85bc32785518633303c4590752d,mStable: GUSD feeder pool,"Accounts,DeFi"
36,0xb61a6f928b3f069a68469ddb670f20eeeb4921e0,mStable: tBTC feeder pool,"Accounts,DeFi"
37,0x9d960dae0639c95a0c822c9d7769d19d30a430aa,Iron Bank: Guardian,"Accounts,DeFi"
38,0x30190a3b52b5ab1daf70d46d72536f5171f22340,Iron Bank: iAAVE,"Accounts,DeFi"
39,0x86bbd9ac8b9b44c95ffc6baae58e25033b7548aa,Iron Bank: iAUD,"Accounts,DeFi"
40,0x1b3e95e8ecf7a7cab6c4de1b344f94865abd12d5,Iron Bank: iCHF,"Accounts,DeFi"
41,0xb8c5af54bbdcc61453144cf472a9276ae36109f9,Iron Bank: iCRV,"Accounts,DeFi"
42,0x8e595470ed749b85c6f7669de83eae304c2ec68f,Iron Bank: iDAI,"Accounts,DeFi"
43,0x7736ffb07104c0c400bb0cc9a7c228452a732992,Iron Bank: iDPI,"Accounts,DeFi"
44,0x00e5c0774a5f065c285068170b20393925c84bf3,Iron Bank: iEUR,"Accounts,DeFi"
45,0xa8caea564811af0e92b1e044f3edd18fa9a73e4f,Iron Bank: iEURS,"Accounts,DeFi"
46,0xecab2c76f1a8359a06fab5fa0ceea51280a97ecf,Iron Bank: iGBP,"Accounts,DeFi"
47,0x215f34af6557a6598dbda9aa11cc556f5ae264b1,Iron Bank: iJPY,"Accounts,DeFi"
48,0x3c9f5385c288ce438ed55620938a4b967c080101,Iron Bank: iKRW,"Accounts,DeFi"
49,0xe7bff2da8a2f619c2586fb83938fa56ce803aa16,Iron Bank: iLINK,"Accounts,DeFi"
50,0x9e8e207083ffd5bdc3d99a1f32d1e6250869c1a9,Iron Bank: iMIM,"Accounts,DeFi"
51,0xca55f9c4e77f7b8524178583b0f7c798de17fd54,Iron Bank: iSEUR,"Accounts,DeFi"
52,0x12a9cc33a980daa74e00cc2d1a0e74c57a93d12c,Iron Bank: iSNX,"Accounts,DeFi"
53,0xa7c4054afd3dbbbf5bfe80f41862b89ea05c9806,Iron Bank: iSUSD,"Accounts,DeFi"
54,0x226f3738238932ba0db2319a8117d9555446102f,Iron Bank: iSUSHI,"Accounts,DeFi"
55,0xfeeb92386a055e2ef7c2b598c872a4047a7db59f,Iron Bank: iUNI,"Accounts,DeFi"
56,0x76eb2fe28b36b3ee97f3adae0c69606eedb2a37c,Iron Bank: iUSDC,"Accounts,DeFi"
57,0x48759f220ed983db51fa7a8c0d2aab8f3ce4166a,Iron Bank: iUSDT,"Accounts,DeFi"
58,0x8fc8bfd80d6a9f17fb98a373023d72531792b431,Iron Bank: iWBTC,"Accounts,DeFi"
59,0x41c84c0e2ee0b740cf0d31f63f3b6f627dc6b393,Iron Bank: iWETH,"Accounts,DeFi"
60,0xfa3472f7319477c9bfecdd66e4b948569e7621b9,Iron Bank: iYFI,"Accounts,DeFi"
61,0x672473908587b10e65dab177dbaeadcbb30bf40b,Iron Bank: iZAR,"Accounts,DeFi"
62,0x328a7b4d538a2b3942653a9983fda3c12c571141,Iron Bank: Lens,"Accounts,DeFi"
63,0xa5fc0bbfcd05827ed582869b7254b6f141ba84eb,Iron Bank: Multisig,"Accounts,DeFi"
64,0xe4e9f6cfe8ac8c75a3dbef809dbe4fc40e6fdc4b,Iron Bank: PriceOracleProxy,"Accounts,DeFi"
65,0xab1c342c7bf5ec5f02adea1c2270670bca144cbb,Iron Bank: Unitroller,"Accounts,DeFi"
66,0x6ad9e8e5236c0e2cf6d755bb7be4eabcbc03f76d,Keep: LPRewardsTBTCv2Saddle,"Accounts,DeFi"
67,0x68eb4de507c6802d73904a18fb228c7dc2981200,Keep: Stakedrop Escrow,"Accounts,DeFi"
68,0x8381e623775e7a95e015aab575f734d7be047037,Keep: TBTCv2SaddleRewardsEscrowBeneficiary,"Accounts,DeFi"
69,0x448a5065aebb8e423f0896e6c5d525c040f59af3,Maker: Contract 1,"Accounts,DeFi"
70,0x48c59199da51b7e30ea200a74ea07974e62c4ba7,mStable: HBTC feeder pool,"Accounts,DeFi"
71,0xf617346a0fb6320e9e578e0c9b2a4588283d9d39,mStable: mUSD Aave Vault,"Accounts,DeFi"
72,0xd55684f4369040c12262949ff78299f2bc9db735,mStable: mUSD Compound Vault,"Accounts,DeFi"
73,0xcf3f73290803fc04425bee135a4caeb2bab2c2a1,mStable: Old mUSD Savings Contract,"Accounts,DeFi"
74,0x7046b0bfc4c5eeb90559c0805dd9c1a6f4815370,mStable: Savings Manager 1.1,"Accounts,DeFi"
75,0x8683dcf44d44f78310bc9c1c1e9a0d75f8291d7e,ODE Money: Retirement Fund,"Accounts,DeFi"
76,0x0d4c1222f5e839a911e2053860e45f18921d72ac,OMG Network V1: Plasma Framework,"Accounts,DeFi"
77,0x86969d29f5fd327e1009ba66072be22db6017cc6,ParaSwap V1,"Accounts,DeFi"
78,0x5ea4a9a7592683bf0bc187d6da706c6c4770976f,Rari Capital: RGT Reserves,"Accounts,DeFi"
79,0x195e8262aa81ba560478ec6ca4da73745547073f,SushiSwap: Inari V1,"Accounts,DeFi"
80,0x5c69bee701ef814a2b6a3edd4b1652cb9cc5aa6f,Uniswap V2: Factory Contract,"Accounts,DeFi"
81,0xc0a47dfe034b400b47bdad5fecda2621de6c4d95,Uniswap: Factory Contract,"Accounts,DeFi"
82,0x975f1bc238303593efab00d63cf0fc5f519a8de0,yearn: yCurve Zap In,"Accounts,DeFi"
83,0xed03415e5705c5abbf8e94c491b715df526cad55,yearn: yCurve Zap Out,"Accounts,DeFi"
84,0x2c3a2558e9b91e893e53bce94de3457a29f6b262,yearn: yCurve Zap Swap,"Accounts,DeFi"
85,0x033e52f513f9b98e129381c6708f9faa2dee5db5,Ygov.finance: Balancer,"Accounts,DeFi"
86,0x3a22df48d84957f907e67f4313e3d43179040d6e,Ygov.finance: Governance,"Accounts,DeFi"
87,0xcdcfc0f66c522fd086a1b725ea3c0eeb9f9e8814,Aurora DAO: Old Token,"Accounts,IDEX"
88,0x2a0c0dbecc7e4d658f48e01e3fa353f44050c208,IDEX,"Accounts,IDEX"
89,0xa7a7899d944fe658c4b0a1803bab2f490bd3849e,IDEX 2,"Accounts,IDEX"
90,0xcc13fc627effd6e35d2d2706ea3c4d7396c610ea,IDEX Membership Token,"Accounts,IDEX"
91,0xb705268213d593b8fd88d3fdeff93aff5cbdcfae,IDEX Token,"Accounts,IDEX"
92,0x33daedabab9085bd1a94460a652e7ffff592dfe3,IDEX: Deployer,"Accounts,IDEX"
93,0x0001fb050fe7312791bf6475b96569d83f695c9f,Ygov.finance: yearn ,"Accounts,DeFi"
94,0x52fc6455f258760705e70f70160b06619bfe0adb,Zapper.Fi: cDAI Unipool,"Accounts,DeFi"
95,0xd17cda470bd0237fae82ef254c84d06d0e4cc02f,Zapper.Fi: CHAI Unipool,"Accounts,DeFi"
96,0x8dfcb49766c0296e4373a0300b52c3637614db59,Zapper.Fi: DAI LLP 100% ETH,"Accounts,DeFi"
97,0x929a10efda7099865dad8286aee8715078902d51,Zapper.Fi: DAI Unipool,"Accounts,DeFi"
98,0x1ee8c303f5ab9b36bc30b9345dec7e9a748fa693,Zapper.Fi: Double Bull,"Accounts,DeFi"
99,0xf0cd9981f15695324763a06869d1c1dd90073c2a,Zapper.Fi: ERC20 Inputs,"Accounts,DeFi"
100,0x04b35ef193e2357328ae79914569721a7ffd6146,Zapper.Fi: ETH Bull,"Accounts,DeFi"
101,0xebd5e23927891fbfda10487ccc9a1a1a7b9a4210,Zapper.Fi: Lender,"Accounts,DeFi"
102,0x20ef0c900f8e7ec3a1a89a761f0670ae9e3dd709,Zapper.Fi: LINK LLP 100% ETH,"Accounts,DeFi"
103,0x408609f5acab253d41cb5dfce913ff367937313b,Zapper.Fi: LINK LLP 100% LINK,"Accounts,DeFi"
104,0x13240b97c40d7e306cedf3adc9cb057cec74c361,Zapper.Fi: MKR Unipool,"Accounts,DeFi"
105,0x3b122c376e472ae6ae7a4739bebf7b68e045b285,Zapper.Fi: Moderate Bull,"Accounts,DeFi"
106,0x2346722daa00ebbd0fc452c0e7ab7976bdafeae8,Zapper.Fi: Old Zapper Swap,"Accounts,DeFi"
107,0xd3eba712988df0f8a7e5073719a40ce4cbf60b33,Zapper.Fi: sETH Unipool,"Accounts,DeFi"
108,0xe3385df5b47687405a02fc24322dedb7df381852,Zapper.Fi: SNX Unipool,"Accounts,DeFi"
109,0xecb53d65816444dbbf6a326b8df959caeda3faf9,Zapper.Fi: Super Saver,"Accounts,DeFi"
110,0x606563f8dc27f316b77f22d14d9cd025b4f70469,Zapper.Fi: UniPool General,"Accounts,DeFi"
111,0x4316e3ad83ca2cf0ea5e3b25e3de2fa7f93cfe9c,Zapper.Fi: Unipool UnZap,"Accounts,DeFi"
112,0x21091c5ea13854ab0965090dc4fc20280f1a5730,Zapper.Fi: wBTC LLP 100% ETH,"Accounts,DeFi"
113,0xe4b7b00a802834bea733f06a0a24a869f2765df7,Zapper.Fi: wBTC LLP 100% wBTC,"Accounts,DeFi"
114,0x4ebee4cf5ba7de81f222fefa4e5d0c30c4968fff,Zapper.Fi: wBTC Unipool,"Accounts,DeFi"
115,0xacdf47c844eff0ecb218d8945e28a9a484af8d07,Zapper.Fi: Zapper Swap V1,"Accounts,DeFi"
116,0x06fe76b2f432fdfecaef1a7d4f6c3d41b5861672,Zerion: DeFi SDK AdapterRegistry v0.1,"Accounts,DeFi"
117,0xadfc6460233221eca99dac25d00f98d32ea3989e,Zerion: DeFi SDK AdapterRegistry v1.0,"Accounts,DeFi"
118,0xd291328a6c202c5b18dcb24f279f69de1e065f70,Zerion: DeFi SDK Core v1.0,"Accounts,DeFi"
119,0x5e8f91ceb8a4b361cd4f2ec14278e63ea0c3ba3f,DeFi Saver: Old Automation Bot,"Accounts,DeFiSaver"
120,0xe8bfddae8f041e34b7688057cb761e7d08513fd6,DeFi Saver: Old Automation Bot 2,"Accounts,DeFiSaver"
121,0x322d58b9e75a6918f7e7849aee0ff09369977e08,DeFi Saver: Old Wallet,"Accounts,DeFiSaver"
122,0x11fef700a4801639871372d75d039755ddd0dc20,Up DeFi (UPDF),"TokenTracker,DeFi"
123,0x3a3A65aAb0dd2A17E3F1947bA16138cd37d08c04,Aave Interest bearing ETH (aETH),"TokenTracker,DeFi"
124,0xb986f3a2d91d3704dc974a24fb735dcc5e3c1e70,dForce EUR (EUX),"TokenTracker,DeFi"
125,0x49a39e062aaf28950f9d0d5fd423dfb3175c0bb1,ZENTEREST Alpha Finance (zenALPHA),"TokenTracker,DeFi"
126,0xa31fdbaa772745d11843efeda9922dcbf5460672,Lift.Kitchen Control DAO (CTRL),"TokenTracker,DeFi"
127,0xF047d4bE569FB770dB143A6A90Ef203FC1295922,Cream tBTC (crTBTC),"TokenTracker,DeFi"
128,0x0c334506E0bcb7C17b583CB7c0ec2F5857BF9e6F,Public Goods (PUBG),"TokenTracker,DeFi"
129,0xa8e31ad81d609ff616645849987fef30a3ffabd9,ZENTEREST FRAX (zenFRAX),"TokenTracker,DeFi"
130,0x92b767185fb3b04f881e3ac8e5b0662a027a1d9f,Cream Dai Stablecoin (crDAI),"TokenTracker,DeFi"
131,0x7f3edcdd180dbe4819bd98fee8929b5cedb3adeb,xToken (XTK),"TokenTracker,DeFi"
132,0x3541a5c1b04adaba0b83f161747815cd7b1516bc,CitaDAO (KNIGHT),"TokenTracker,DeFi"
133,0x310052769DE50103600981A02bba373f0e812a0d,Defi DigitalNote (2XDN),"TokenTracker,DeFi"
134,0xbaA70614C7AAfB568a93E62a98D55696bcc85DFE,UniCap.finance (UCAP),"TokenTracker,DeFi"
135,0x7a2Bc711E19ba6aff6cE8246C546E8c4B4944DFD,WAX Economic Token (WAXE),"TokenTracker,DeFi"
136,0xa991356d261fbaf194463af6df8f0464f8f1c742,TrueFi USD Coin (tfUSDC),"TokenTracker,DeFi"
137,0x3db382535D9eE7C401B415745F4784644E076664,Voting International Blockchain Pla... (VTNG),"TokenTracker,DeFi"
138,0x126c121f99e1e211df2e5f8de2d96fa36647c855,DEGEN Index (DEGEN),"TokenTracker,DeFi"
139,0x80aF88983BEb964F1a73D437e52bAE1FeB97d791,MOOREX (MOOR),"TokenTracker,DeFi"
140,0xaefad686f4b894ce4f9c74af755ab4651e420eba,Krisper (KRP),"TokenTracker,DeFi"
141,0x1fcdce58959f536621d76f5b7ffb955baa5a672f,The Force Token (FOR),"TokenTracker,DeFi"
142,0xAD43BbDe9b4E1A2894984A55a2f490c4ADc1773b,yfMeta Finance (yfMeta),"TokenTracker,DeFi"
143,0x592f77f18893c8657cbf7cfc93e3f7cf7b02662d,Team Clean Seas (TCS),"TokenTracker,DeFi"
144,0x27f7e1193ae6343e1f8701625811db280578939b,Nexabook Coin (NOC),"TokenTracker,DeFi"
145,0xe66b3aa360bb78468c00bebe163630269db3324f,Merchant Token (MTO),"TokenTracker,DeFi"
146,0xa07be94d721df448b63ec6c3160138a2b2619e1d,ZENTEREST Wrapped NXM (zenWNXM),"TokenTracker,DeFi"
147,0xf0042b46d69ad6588c683f7e99e4ccb3f252717a,Scam ALERT: HIGH probability. Audit... (SCAM-HIGH),"TokenTracker,DeFi"
148,0x1f52453b32bfab737247114d56d756a6c37dd9ef,Wrapped Ether (WETH),"TokenTracker,DeFi"
149,0xd532944df6dfd5dd629e8772f03d4fc861873abf,Cream SushiSwap LP Token YFI-ETH (crSLP-YFI-ETH),"TokenTracker,DeFi"
150,0x8f6a193c8b3c949e1046f1547c3a3f0836944e4b,xINCH (xINCHa),"TokenTracker,DeFi"
151,0x9baf8a5236d44ac410c0186fe39178d5aad0bb87,Cream yCRV (crYCRV),"TokenTracker,DeFi"
152,0x7aa46a51f717404d944051af3075bbcb49b2288b,GENEBANK Token (GNBT),"TokenTracker,DeFi"
153,0x4180CE5a616E75512fd9DF0bd896AC955C64a246,Krakin't (KRK),"TokenTracker,DeFi"
154,0x2b2b0559081c41e962777B5049632fdb30f7E652,BitDEFi (BFi),"TokenTracker,DeFi"
155,0x9D83D493688caF9D34f04B3c0d50D197d44aBbCA,Hope Soviet (hSOV),"TokenTracker,DeFi"
156,0x3Ea50B7Ef6a7eaf7E966E2cb72b519C16557497c,Rocket Bunny (BUNNY),"TokenTracker,DeFi"
157,0xd0f05d3d4e4d1243ac826d8c6171180c58eaa9bc,Value Network Token (VNTW),"TokenTracker,DeFi"
158,0x1e625d475d2564ece0424d961b1acc7f471afc81,INFINI.CASH (IC$♾️),"TokenTracker,DeFi"
159,0x93b5f52cbe50be12ce6b89ca6e28525ca579cbf9,Asac Coin Finance Token (ASAC),"TokenTracker,DeFi"
160,0xf34842d05a1c888ca02769a633df37177415c2f8,IdleUSDT v4 [Best yield] (idleUSDTYield),"TokenTracker,DeFi"
161,0xf9209d900f7ad1dc45376a2caa61c78f6dea53b6,LIFT.Kitchen (LIFT),"TokenTracker,DeFi"
162,0x7aaa323d7e398be4128c7042d197a2545f0f1fea,Cream OMGToken (crOMG),"TokenTracker,DeFi"
163,0x6fcBBB527Fb2954BED2B224A5BB7c23C5AeEb6E1,oneETH (oneETH),"TokenTracker,DeFi"
164,0x00aba6fe5557de1a1d565658cbddddf7c710a1eb,EASY V2 (EZ),"TokenTracker,DeFi"
165,0x15fcfd53fec9b72cf3725649f3ec4603077ad21e,ZENTEREST HEGIC (zenHEGIC),"TokenTracker,DeFi"
166,0xcd91538b91b4ba7797d39a2f66e63810b50a33d0,ARC STABLEx (STABLEx),"TokenTracker,DeFi"
167,0x10a3da2bb0fae4d591476fd97d6636fd172923a8,Cream Hegic (crHEGIC),"TokenTracker,DeFi"
168,0x2132f6f5a45ab821e99dc1275da764776ceb2530,MetaSpace REIT (MREIT),"TokenTracker,DeFi"
169,0x35A18000230DA775CAc24873d00Ff85BccdeD550,Compound Uniswap (cUNI),"TokenTracker,DeFi"
170,0x674C6Ad92Fd080e4004b2312b45f796a192D27a0,Neutrino USD (USDN),"TokenTracker,DeFi"
171,0x90e6E082B0aa4bf6AFBA0d11163d920A534EBae4,Defiance (DEF),"TokenTracker,DeFi"
172,0xC8048270f2d0170c7c7C13E1447CCBb4BCE4ecbD,Ricefarming Money (RFM),"TokenTracker,DeFi"
173,0x3942B4DaB270b85F20C7d40178862cB7B877EDC8,Lampgram (LAM),"TokenTracker,DeFi"
174,0xfdcdfa378818ac358739621ddfa8582e6ac1adcb,Curio Stable Coin (CSC),"TokenTracker,DeFi"
175,0x1dA01e84F3d4e6716F274c987Ae4bEE5DC3C8288,DefiBids (BID),"TokenTracker,DeFi"
176,0x67e74603df95cabbebc6795478c2402a01ea1517,Wurstcoin (WURST),"TokenTracker,DeFi"
177,0xde3e18ecb613498b9a1483af51394ec2259bcd0a,DeFiat Points v2 (DFTPv2),"TokenTracker,DeFi"
178,0xf61718057901f84c4eec4339ef8f0d86d2b45600,iearn SUSD (ySUSD),"TokenTracker,DeFi"
179,0x8ae5b8faa5087154f8b1fdb319b733b480ef5d53,WIZVIP (WIZVIP),"TokenTracker,DeFi"
180,0xa0b93b9e90ab887e53f9fb8728c009746e989b53,Standard Token (TST),"TokenTracker,DeFi"
181,0xE06Ea2a92c4811732E14cbc1453a35fa78A2f176,Yearns Finance (YFIs),"TokenTracker,DeFi"
182,0x6c2e5dfa3392debe43d8b2cb49b085cd1fdb3fcc,WOOF.finance (WOOF!),"TokenTracker,DeFi"
183,0x7a665de4b80835295901dd84ece07e942a9fe400,ZENTEREST renBTC (zenRENBTC),"TokenTracker,DeFi"
184,0x0ba45a8b5d5575935b8158a88c631e9f9c95a2e5,Tellor Tributes (TRB),"TokenTracker,DeFi"
185,0xd0983dd6a0334c71d0478255d1f794508026b888,EGG Protocol (EGG),"TokenTracker,DeFi"
186,0x3769f1b1069f2950989064402c448c6145a4c399,Grandle (GRAND),"TokenTracker,DeFi"
187,0xba6b0dbb2ba8daa8f5d6817946393aef8d3a4487,Hillstone.Finance (HSF),"TokenTracker,DeFi"
188,0xf52cdcd458bf455aed77751743180ec4a595fd3f,IdleSUSD v4 [Best yield] (idleSUSDYield),"TokenTracker,DeFi"
189,0xafce9b78d409bf74980cacf610afb851bf02f257,Lift.Kitchen BTC (LFBTC),"TokenTracker,DeFi"
190,0x011a014d5e8eb4771e575bb1000318d509230afa,Cream Uniswap V2 WBTC-ETH (crUNI-V2-WBTC-ETH),"TokenTracker,DeFi"
191,0xd1AFBCCC9A2c2187ea544363B986EA0AB6EF08B5,Ethereum Yield (ETHY),"TokenTracker,DeFi"
192,0x60aff542ea64a2c8576707ac9ec150b6829ff808,CriptoArchiToken (CAT),"TokenTracker,DeFi"
193,0xb15e13bc622315e29a7142fea3d0c67464b44e97,ZENTEREST rHEGIC (zenrHEGIC),"TokenTracker,DeFi"
194,0x5b75c16c049efbeee42c00760ebd39725ea3dd69,Alero Swap (ALS),"TokenTracker,DeFi"
195,0x6b33f15360cedbfb8f60539ec828ef52910aca9b,xINCH (xINCHb),"TokenTracker,DeFi"
196,0xe6d4544f90da3e9611ea3b711df27f336cb41e2d,Lion King Finance (LIONK),"TokenTracker,DeFi"
197,0xf249D0F1ef461b50deCb0fEe83183C397EB374e6,OCTION TOKEN (WOCTI),"TokenTracker,DeFi"
198,0x0173661769325565d4f011b2e5Cda688689Cc87c,Quantland (QLT),"TokenTracker,DeFi"
199,0xeFa6D677a1ca1b1DFc28969c1D17986d111dFC4e,Big.Byte.Block (BBB),"TokenTracker,DeFi"
200,0x1368452Bfb5Cd127971C8DE22C58fBE89D35A6BF,JNTR/e (JNTR/e),"TokenTracker,DeFi"
201,0xD0f39Ef9B415C0E112fc24D38de0eAA8B3D51388,Souls (SOULS),"TokenTracker,DeFi"
202,0x70e36f6BF80a52b3B46b3aF8e106CC0ed743E8e4,Compound Collateral (cCOMP),"TokenTracker,DeFi"
203,0xB2D74b7a454EDa300c6E633f5b593d128C0C0Dcf,Qub Coin (QUB),"TokenTracker,DeFi"
204,0xf784682c82526e245f50975190ef0fff4e4fc077,Inlock token (ILK),"TokenTracker,DeFi"
205,0x03e8f56ad0D759BCFfF960863388Bfdb2efD1579,yearn.finance cash (YFI CASH),"TokenTracker,DeFi"
206,0xffc97d72e13e01096502cb8eb52dee56f74dad7b,Aave interest bearing AAVE (aAAVE),"TokenTracker,DeFi"
207,0x546aaa98627797c04c48ac716db36314285b4b5a,X0swap Token (X0),"TokenTracker,DeFi"
208,0x7705c572d9cc824fBA4e4EFb40F00916534396d9,KimchiSwap (KSWAP),"TokenTracker,DeFi"
209,0xE6F1966d04CfcB9cd1B1dC4E8256D8b501b11CbA,SafeEarth (SAFEEARTH),"TokenTracker,DeFi"
210,0x0309c98B1bffA350bcb3F9fB9780970CA32a5060,BasketDAO DeFi Index (BDI),"TokenTracker,DeFi"
211,0x1b6d730a1dcaeb870ba3b0c6e51f801c1cca0499,ZENTEREST Bancor Network Token (zenBNT),"TokenTracker,DeFi"
212,0xfa6de2697d59e88ed7fc4dfe5a33dac43565ea41,DEFI Top 5 Tokens Index (DEFI5),"TokenTracker,DeFi"
213,0xa9926d9c8efdbbdb705ba9a3284089cfb4039831,MAVRO (MVR),"TokenTracker,DeFi"
214,0x1AEf73d49Dedc4b1778d0706583995958Dc862e6,Curve.fi MUSD/3Crv (musd3CRV),"TokenTracker,DeFi"
215,0x97A89Ce35798841C586E2AfF033c63A03Bd238AE,YDFI Finance (YDFI),"TokenTracker,DeFi"
216,0xee1ae38be4ce0074c4a4a8dc821cc784778f378c,VYNK CHAIN (VYNC),"TokenTracker,DeFi"
217,0x7d05c2263cecabf8baf94bbbd3b5656583b5444c,BABE Token (BABE),"TokenTracker,DeFi"
218,0x64875aaa68d1d5521666c67d692ee0b926b08b2f,CelsiusX Wrapped ADA (cxADA),"TokenTracker,DeFi"
219,0x7be4060fff13360301e0123d676a2705149964d7,SamoSwap (SAMOZ),"TokenTracker,DeFi"
220,0xc03841b5135600312707d39eb2af0d2ad5d51a91,BasketCoin (BSKT),"TokenTracker,DeFi"
221,0x3623387773010d9214b10c551d6e7fc375d31f58,Cream Meta (crMTA),"TokenTracker,DeFi"
222,0x9b869c2eaae08136c43d824ea75a2f376f1aa983,DAI-HRD (DAI-HRD),"TokenTracker,DeFi"
223,0xf1a7a19029b66bd8c01c74a93722a2b741a1e0ca,Amongus.finance Ticket (ATICKET),"TokenTracker,DeFi"
224,0xbea1d2a9305b0eb5c022332b50cc9960b0583b3b,pxseal.eth.link (PXSEAL),"TokenTracker,DeFi"
225,0x59848d60C34dCD2686d7F7918Bd240Fc1890208E,DorayakiToken (DORA),"TokenTracker,DeFi"
226,0x000000000000CB2D80A37898be43579C7b616844,REDUX (REDUX),"TokenTracker,DeFi"
227,0xe8f96e0f516d12cd0d2abc1972c0fdbe1eeffbbe,Foray (FORAY),"TokenTracker,DeFi"
228,0x07d22cd5d483b1242518d5cd26b21b552f0cfcdb,ZENTEREST DVG Token (zenDVG),"TokenTracker,DeFi"
229,0x60e46ee421e232e9d8d479b502a63aa15d846f2c,My Monii (MONII),"TokenTracker,DeFi"
230,0x61ed1c66239d29cc93c8597c6167159e8f69a823,Reference System for DeFi (RSD),"TokenTracker,DeFi"
231,0xab1c02c7d5ebfddbb8824ccd193e7df59b34a841,Bombic Finance (BMB),"TokenTracker,DeFi"
232,0xcef1c16509b03f24e68433a610875906196b9367,Tethereum (TETH),"TokenTracker,DeFi"
233,0x6a2523c3eb9159fe4321ca70c06cbc04b3732a63,TrailerPark (PARK),"TokenTracker,DeFi"
234,0x132e549262f2b2ad48aa306c3d389e55bb510419,ZENTEREST BAO (zenBAO),"TokenTracker,DeFi"
235,0xef36bdd5614efa938134f31a897966371ff0c7ff,bValve (BBV),"TokenTracker,DeFi"
236,0x5274891bec421b39d23760c04a6755ecb444797c,IdleUSDC v4 [Best yield] (idleUSDCYield),"TokenTracker,DeFi"
237,0xd9d01d4cb824219a8f482a0fad479cb971fd0628,EnterCoin (ENTRC),"TokenTracker,DeFi"
238,0x121aff23647c3cc38790cd98d95afbc375620392,Total.Exchange (TEX),"TokenTracker,DeFi"
239,0x3e5d9d8a63cc8a88748f229999cf59487e90721e,MetalSwap (XMT),"TokenTracker,DeFi"
240,0xe445e067cb17b62b15f4883b66b69e05ea7b327d,Kagra (KGR),"TokenTracker,DeFi"
241,0x6b33f15360cedbfb8f60539ec828ef52910aca9b,xINCH (xINCHb),"TokenTracker,DeFi"
242,0x19d1666f543d42ef17f66e376944a22aea1a8e46,Cream Compound (crCOMP),"TokenTracker,DeFi"
243,0x09bdcce2593f0bef0991188c25fb744897b6572d,Yearn Binance USD (cyBUSD),"TokenTracker,DeFi"
244,0xe276056f924e15beac26f7b10b6d2805f9c64bb5,Firulais (FIRU),"TokenTracker,DeFi"
245,0xc633BAf9fDE99800226C74328024525192294D2b,Nftfy (NFY),"TokenTracker,DeFi"
246,0x4e82a7ec00f3bbb1294fc31d3acd7250edf2035c,Panzerprotocol.io (PNZR),"TokenTracker,DeFi"
247,0x181c514ef87e069d138a197dbd9f4e2a3d2fece9,RFbtc (RFbtc),"TokenTracker,DeFi"
248,0x99ab51fd0581116db20bd4cb3df1b53fbd3bae54,JiX Swap (JIX),"TokenTracker,DeFi"
249,0xED7Fa212E100DFb3b13B834233E4B680332a3420,Street Cred (CRED),"TokenTracker,DeFi"
250,0x4790f605cbdba5fce4f209868b5a05b3bff7272c,HubToken (HUB),"TokenTracker,DeFi"
251,0xbd05cee8741100010d8e93048a80ed77645ac7bf,CYCLOPS TREASURE (CYTR),"TokenTracker,DeFi"
252,0xE3a64A3c4216B83255b53Ec7eA078B13f21a7daD,DEFI GOLD (DFGL),"TokenTracker,DeFi"
253,0x68763e696bdee1726e5a2d100fceaa5bd6c2fb3e,YFEthereum (YFETH),"TokenTracker,DeFi"
254,0x14dfa5cfaafe89d81d7bf3df4e11eaeda0416618,copsfinance.com (COPS),"TokenTracker,DeFi"
255,0xd6cb2adf47655b1babddc214d79257348cbc39a7,Oracle Top 5 Tokens Index (ORCL5),"TokenTracker,DeFi"
256,0x46d886887b6908183032c75dee1b731b26d653c6,GreenCoin (GRC),"TokenTracker,DeFi"
257,0x62d693fE5C13b5A5b24C9ec3F423E51C35F5624F,SafeBitcoin (SafeBTC),"TokenTracker,DeFi"
258,0x2942e3b38e33123965bfbc21e802be943a76bbc6,EHash Token (EHASH),"TokenTracker,DeFi"
259,0x338286c0bc081891a4bda39c7667ae150bf5d206,Cream SushiToken (crSUSHI),"TokenTracker,DeFi"
260,0x16de59092dae5ccf4a1e6439d611fd0653f0bd01,iearn DAI (yDAI),"TokenTracker,DeFi"
261,0xa143ac515dca260a46c742c7251ef3b268639593,Bulk Token (BULK),"TokenTracker,DeFi"
262,0x065ccf8d682995be66e38eaee3c2475f636634ab,YFIW.FINANCE (YFIW),"TokenTracker,DeFi"
263,0x4e3ab01b098ecda0313f9e15a1608d17371fe01f,DEEP STAKE (DEST),"TokenTracker,DeFi"
264,0x90ea640fd96b10d79b95166ea9d4b5fb2fb4f4be,ZENTEREST The Graph Token (zenGRT),"TokenTracker,DeFi"
265,0x94ba5a1afc430163fa815aba03efce81487370e1,Aqualair (AQLR),"TokenTracker,DeFi"
266,0x33e18a092a93ff21ad04746c7da12e35d34dc7c4,Metaverse NFT Index (PLAY),"TokenTracker,DeFi"
267,0xeb58343b36c7528f23caae63a150240241310049,Nimbus (NBU),"TokenTracker,DeFi"
268,0x1f51a7ecb726a6592454c577c096c98cff3fe910,Coffee Shop DAO (COF),"TokenTracker,DeFi"
269,0xab576bcbb0c3303c9e680fbfdeca67e062eae59c,ZENTEREST TerraUSD (zenUST),"TokenTracker,DeFi"
270,0x054b7ed3f45714d3091e82aad64a1588dc4096ed,Cream Huobi BTC (crHBTC),"TokenTracker,DeFi"
271,0x7fc66500c84a76ad7e9c93437bfc5ac33e2ddae9,Aave Token (AAVE),"TokenTracker,DeFi"
272,0xa7eb2bc82df18013ecc2a6c533fc29446442edee,Fulcrum ZRX iToken (iZRX),"TokenTracker,DeFi"
273,0xe63d6b308bce0f6193aec6b7e6eba005f41e36ab,Stone Token (STN),"TokenTracker,DeFi"
274,0x82de3959c09f665a82c794fafc1eb34cfcb555ee,WePiggy YFII (pYFII),"TokenTracker,DeFi"
275,0xf058501585023d040eA9493134ED72C083553eED,DYMMAX Governance Token (DMX),"TokenTracker,DeFi"
276,0xd17a54a6A82D4DB92a9038D3ba277E71f74D18AC,Pussy Cat Core (PCAT),"TokenTracker,DeFi"
277,0x9D91BE44C06d373a8a226E1f3b146956083803eB,Aave Interest bearing KNC (aKNC),"TokenTracker,DeFi"
278,0x1df833335ead4138450deb06dab63e3a9be9f3ba,GasFarm Token (GFT),"TokenTracker,DeFi"
279,0x11A2Ab94adE17e96197C78f9D5f057332a19a0b9,Orbicular (ORBI),"TokenTracker,DeFi"
280,0xaF183350bDF8082B486CEE23fBfcCa6eA3258DAC,Defi Firefly (DFF),"TokenTracker,DeFi"
281,0xf74941046389c78f12fe44784c0ec9ca7ceb7dc2,Dreamr Platform Token (DMR),"TokenTracker,DeFi"
282,0x297d4da727fbc629252845e96538fc46167e453a,Yearn DefiDollar (cyDUSD),"TokenTracker,DeFi"
283,0xda579367c6ca7854009133d1b3739020ba350c23,Mojito (MOJITO),"TokenTracker,DeFi"
284,0xa279dab6ec190eE4Efce7Da72896EB58AD533262,yfu.finance (YFU),"TokenTracker,DeFi"
285,0x4180CE5a616E75512fd9DF0bd896AC955C64a246,Krakin't (KRK),"TokenTracker,DeFi"
286,0xe3dce982416cb44d0376923bda3dd92822ea5827,Contribute Rig (TRIG),"TokenTracker,DeFi"
287,0x44fbebd2f576670a6c33f6fc0b00aa8c5753b322,Cream USD Coin (crUSDC),"TokenTracker,DeFi"
288,0xa0e5a19e091bbe241e655997e50da82da676b083,Yearn Gemini dollar (cyGUSD),"TokenTracker,DeFi"
289,0x650d62fcb1f22a10a2b810bfe305c1312a24a367,ZENTEREST FTT (zenFTT),"TokenTracker,DeFi"
290,0x1e625d475d2564ece0424d961b1acc7f471afc81,INFINI.CASH (IC$♾️),"TokenTracker,DeFi"
291,0x6c9a9d09431d3a9c03b1ce5f8baedba7123b7d31,BORGDAI (BORGDAI),"TokenTracker,DeFi"
292,0x307C4708B9451917eFd91A57F4d3b5644220B90D,AmmbrFi Token (AFI),"TokenTracker,DeFi"
293,0x78f6959B8927accB4C623d0CB2041B23464DaeCE,Being Defi (BD),"TokenTracker,DeFi"
294,0xf217f7df49f626f83f40d7d5137d663b1ec4ee6e,STRONG (STRONG),"TokenTracker,DeFi"
295,0xB987D48Ed8f2C468D52D6405624EADBa5e76d723,Stabilize Token (STBZ),"TokenTracker,DeFi"
296,0x6debc4e5d398f7c32af927a43cd2fcc523764ba2,Semi Centralized Finance v2 (SCFI v2),"TokenTracker,DeFi"
297,0xbdade4fb8ababc2c1270518ac020b4705791178a,PANDAMOGO (PAND$),"TokenTracker,DeFi"
298,0x73a052500105205d34daf004eab301916da8190f,iearn TUSD (yTUSD),"TokenTracker,DeFi"
299,0x32f9063bc2a2a57bcbe26ef662dc867d5e6446d1,dForce Coinbase Stock (xCOIN),"TokenTracker,DeFi"
300,0x0424af689f9155fa71d77e532ba847a0e2e6ae3a,Baskets.Finance (BASKET),"TokenTracker,DeFi"
301,0x3A429B1ea13015C904Efd7cc0F4c4F404d4E4b52,Crypto Top (CRYPTOP),"TokenTracker,DeFi"
302,0x33a9f9bace23cfb8dad597a564d055ad415648ff,ZENTEREST 0x (zenZRX),"TokenTracker,DeFi"
303,0x86632544e69c8019babd01be75393f9c2d46ee70,Dynamic Network Token (DNT),"TokenTracker,DeFi"
304,0x2341dd0a96a0dab62aa1efb93d59ff7f3bdb8932,ProStarter (PROT),"TokenTracker,DeFi"
305,0xbec8d5c639778652dc2440da996a6bcf43f07746,Nexen (NXN),"TokenTracker,DeFi"
306,0xC06cc857dc56a90e3f130c5Ce597c07830aF15dA,Neptune (NEP),"TokenTracker,DeFi"
307,0x71fc860F7D3A592A4a98740e39dB31d25db65ae8,Aave Interest bearing USDT (aUSDT),"TokenTracker,DeFi"
308,0x078DbEab281bEfe80fFF6EA151355ef5c9DFc1dC,p2pl.finance (P2PL),"TokenTracker,DeFi"
309,0x6a4e7daf7e1244944bda17390b1ec5f44c9df671,ZENTEREST Kylin Network (zenKYL),"TokenTracker,DeFi"
310,0x2132f6f5a45ab821e99dc1275da764776ceb2530,MetaSpace REIT (MREIT),"TokenTracker,DeFi"
311,0x0e2D791d78E6cc39c8dbEB7898B02221Ac35c3F7,Pump Token (PUMP),"TokenTracker,DeFi"
312,0x2942e3b38e33123965bfbc21e802be943a76bbc6,EHash Token (EHASH),"TokenTracker,DeFi"
313,0xd5103afcd0b3fa865997ef2984c66742c51b2a8b,Cream Huobi FIL (crHFIL),"TokenTracker,DeFi"
314,0xF19Ed2025eFfdb2b22d1376c09b4884F26475DD1,Karma Finance (KFI),"TokenTracker,DeFi"
315,0x1d496da96caf6b518b133736beca85d5c4f9cbc5,Fulcrum LINK iToken (iLINK),"TokenTracker,DeFi"
316,0x049e119413ab1f1b0fd836e657e3e4ba3ad9cab8,KESEF.FINANCE (KSF),"TokenTracker,DeFi"
317,0xd2adc1c84443ad06f0017adca346bd9b6fc52cab,dFund (DFND),"TokenTracker,DeFi"
318,0x35A18000230DA775CAc24873d00Ff85BccdeD550,Compound Uniswap (cUNI),"TokenTracker,DeFi"
319,0x88D39566DAe88dC838652d9898F0AA6a8fF2819A,hypeburn.finance (HBURN),"TokenTracker,DeFi"
320,0xb5e88b229b18e748e3aa16a1c2bfefdfc8a5560d,Global DeFi (GDEFI),"TokenTracker,DeFi"
321,0x44e2dec86b9f0e0266e9aa66e10323a2bd69cf9a,Attrace (ATTR),"TokenTracker,DeFi"
322,0xd0f37d2b83ace04f7506c3c69eb8bda15849259b,HOMELAND DAO Token (HOME),"TokenTracker,DeFi"
323,0x66C47160B1c97cA4B6850b34BC0be9515A874323,Defix Network (DEFIX),"TokenTracker,DeFi"
324,0xf9a2d7e60a3297e513317ad1d7ce101cc4c6c8f6,Realio Network USD Stablecoin (rUSD),"TokenTracker,DeFi"
325,0xbC396689893D065F41bc2C6EcbeE5e0085233447,Perpetual (PERP),"TokenTracker,DeFi"
326,0xa8caea564811af0e92b1e044f3edd18fa9a73e4f,Yearn STASIS EURS Token (cyEURS),"TokenTracker,DeFi"
327,0xd89A909648e28e8352b63b78007f7fF144f434E9,DEFI Insurance Protocol (DFIP),"TokenTracker,DeFi"
328,0xf1a7a19029b66bd8c01c74a93722a2b741a1e0ca,Amongus.finance Ticket (ATICKET),"TokenTracker,DeFi"
329,0x6da11821ac676d7ef8b31b2ace5d025429f5af44,LamboToken (LAMBO),"TokenTracker,DeFi"
330,0x33D0568941C0C64ff7e0FB4fbA0B11BD37deEd9f,RAMP DEFI (RAMP),"TokenTracker,DeFi"
331,0x075b1bb99792c9E1041bA13afEf80C91a1e70fB3,Curve.fi renBTC/wBTC/sBTC (crvRenWSBTC),"TokenTracker,DeFi"
332,0x072fbb7232bf368899827011c51df03a1d59ce45,MCDEX: DefiPulse Vesting #1,"Accounts,MCDEX"
333,0x97bc5385530066b87ead0ba0e927b8512c0b2aa7,MCDEX: DefiPulse Vesting #2,"Accounts,MCDEX"
334,0x786455985c1bd722b0b7e00ce3152b45183c5df4,MCDEX: DefiPulse Vesting #3,"Accounts,MCDEX"
335,0x904b5993fc92979eeedc19ccc58bed6b7216667c,MCDEX: Deployer,"Accounts,MCDEX"
336,0x38ca50c6e3391a5bf73c2504bd9cd9c0b9d89053,MCDEX: Foundation,"Accounts,MCDEX"
337,0xa8f13a7e97a624e6d0b88d0a4fe7080be7b6ca21,MCDEX: Team Vesting #1,"Accounts,MCDEX"
338,0x21c09c55af2643023efe8775ae20dd23a53585ab,MCDEX: Team Vesting #10,"Accounts,MCDEX"
339,0x5bbbaf040a017966c9e966edbb9221b37b2c2923,MCDEX: Team Vesting #11,"Accounts,MCDEX"
340,0xd72a41aa286f045e9a4d55f589edae141cfc4952,MCDEX: Team Vesting #12,"Accounts,MCDEX"
341,0x92d8736ce002e9ca4b864377a2ff65b74340d04c,MCDEX: Team Vesting #13,"Accounts,MCDEX"
342,0xba9a70a5dd74343c0dfaa3826d14e96297da171c,MCDEX: Team Vesting #14,"Accounts,MCDEX"
343,0xb7f09da3e0e75d7342d3ec01649903857f0b5075,MCDEX: Team Vesting #15,"Accounts,MCDEX"
344,0xa9e23857cd6eb5c7ed2159edd68ab5b24285f977,MCDEX: Team Vesting #16,"Accounts,MCDEX"
345,0x9cc56b52387ed71c8c29ffad7416f973f0555902,MCDEX: Team Vesting #17,"Accounts,MCDEX"
346,0x7dbcc4335ccadc2993279052ea070bd2c0786d85,MCDEX: Team Vesting #18,"Accounts,MCDEX"
347,0x4add71348f750b038869ab0ce6c3309a922d1892,MCDEX: Team Vesting #19,"Accounts,MCDEX"
348,0xe26b8a84028fe92a2f473b7c114ec95cef73927e,MCDEX: Team Vesting #2,"Accounts,MCDEX"
349,0x532fe523a638b714ddfbd820d41c68f9e2c6e1db,MCDEX: Team Vesting #20,"Accounts,MCDEX"
350,0xb0f0e4c0615e1905ed08905bf4486f73e7eddd63,MCDEX: Team Vesting #21,"Accounts,MCDEX"
351,0x21c6e6b19ad4011a5bd270214d98382319de1bcb,MCDEX: Team Vesting #22,"Accounts,MCDEX"
352,0xf6e88d5aca2d9fbed26de198d2f78dee1c97a369,MCDEX: Team Vesting #23,"Accounts,MCDEX"
353,0x6ae6be7b8e48f8ad3ebcccedac31841bc1516239,MCDEX: Team Vesting #24,"Accounts,MCDEX"
354,0x17ec352286d1a8117d39674b6fd20f1e06969408,MCDEX: Team Vesting #25,"Accounts,MCDEX"
355,0x278d33a37c206966cb6447963cca9246c137a036,MCDEX: Team Vesting #26,"Accounts,MCDEX"
356,0xdca445b99ea5e9bde70169fc9977032535b1ee02,MCDEX: Team Vesting #27,"Accounts,MCDEX"
357,0x6ecc9da2698870db2c1792369a6fc520b5de6461,MCDEX: Team Vesting #28,"Accounts,MCDEX"
358,0xa5ff91816cebd3878f9b7c3161b08f7213a37347,MCDEX: Team Vesting #29,"Accounts,MCDEX"
359,0x34a99cb066777495ad8ff3def0c39bdec72adae3,MCDEX: Team Vesting #3,"Accounts,MCDEX"
360,0x205285d6eef9055779650f6556c3704a5b514271,MCDEX: Team Vesting #30,"Accounts,MCDEX"
361,0x5910a985197cedccfba0c3a27bd37a46cb0f8011,MCDEX: Team Vesting #31,"Accounts,MCDEX"
362,0x57469550b9a42d2fd964e67a9dd1de3d9169b291,MCDEX: Team Vesting #32,"Accounts,MCDEX"
363,0x42ff3d43979f083c8aa3166298789261b66dc926,MCDEX: Team Vesting #4,"Accounts,MCDEX"
364,0x89108a54d94152db363318f8085dc8b7abf03323,MCDEX: Team Vesting #5,"Accounts,MCDEX"
365,0xe078be6acc9c1e23474d23e2ab2aa0c528c1494e,MCDEX: Team Vesting #6,"Accounts,MCDEX"
366,0x490a11e5195bb6f1c9c555e744f6bc1b35a3eaea,MCDEX: Team Vesting #7,"Accounts,MCDEX"
367,0xe87352f80cf096584d473d7821ffb220ffcceedd,MCDEX: Team Vesting #8,"Accounts,MCDEX"
368,0xdd35bd8a76c711783ae2ef5ed0d6bb3fee18fdc3,MCDEX: Team Vesting #9,"Accounts,MCDEX"
369,0xc61708603c7b317eb4e84c923370f50ed9ad8077,SafeSun (SAFESUN),"TokenTracker,DeFi"
370,0x66d1b01c0fd7c2d8718f0997494b53ff5c485688,MilkyWayToken (MILK),"TokenTracker,DeFi"
371,0x690aa2591e57180cba5a6123e9d462907a5e1c95,WePiggy LRC (pLRC),"TokenTracker,DeFi"
372,0xE1BA0FB44CCb0D11b80F92f4f8Ed94CA3fF51D00,Aave Interest bearing BAT (aBAT),"TokenTracker,DeFi"
373,0x7fc3ec3574d408f3b59cd88709bacb42575ebf2b,POP! (POP!),"TokenTracker,DeFi"
374,0x9043d4d51C9d2e31e3F169de4551E416970c27Ef,Prime DAI (pDAI),"TokenTracker,DeFi"
375,0x187eff9690e1f1a61d578c7c492296eaab82701a,MOAR Finance (MOAR),"TokenTracker,DeFi"
376,0x918f65def819b0720cf5c0a264603d451f522c2a,Everlasting Parallel Chain (ELP),"TokenTracker,DeFi"
377,0xC926598F780DFdB3fB11bfB2c142c9091d4BcA55,YFIZ.FINANCE (YFIZ),"TokenTracker,DeFi"
378,0x7afA2BbC06Dad88487b5171EA2bcDF938A6b7Ff9,TramsToken (TRAMS),"TokenTracker,DeFi"
379,0x493c57c4763932315a328269e1adad09653b9081,Fulcrum DAI iToken (iDAI),"TokenTracker,DeFi"
380,0x08ed14bcefa48ba8b0ceb8403d6c5923c22e7fb4,DogDeFiShares (DogDeFiS),"TokenTracker,DeFi"
381,0xddce093888c8dc636677cd29bc6c68d35cfdac33,PAPER token (PAPER),"TokenTracker,DeFi"
382,0x845838df265dcd2c412a1dc9e959c7d08537f8a2,Curve.fi cDAI/cUSDC (cDAI+cUSDC),"TokenTracker,DeFi"
383,0x634239cfa331df0291653139d1a6083b9cf705e3,DeSpace Protocol (DES),"TokenTracker,DeFi"
384,0xa99f0ad2a539b2867fcfea47f7e71f240940b47c,StakedONX (sONX),"TokenTracker,DeFi"
385,0x0a2970076268ee75ea4e0e82e1eb3cf7124a1a57,Kagra Bond (KGRb),"TokenTracker,DeFi"
386,0xec8318cb5b5d2892d92a473a32a2bc2fa2a7604a,Artem Uniswap (aUNI),"TokenTracker,DeFi"
387,0x56ee175fe37cd461486ce3c3166e0cafccd9843f,eWit (EWIT),"TokenTracker,DeFi"
388,0x16c9cf62d8dac4a38fb50ae5fa5d51e9170f3179,dForce USDC (dUSDC),"TokenTracker,DeFi"
389,0xe7bff2da8a2f619c2586fb83938fa56ce803aa16,Yearn ChainLink Token (cyLINK),"TokenTracker,DeFi"
390,0x20D7089110c29498D17137F5D9656055105041D1,RugRelief (RR),"TokenTracker,DeFi"
391,0xa49d7499271ae71cd8ab9ac515e6694c755d400c,Mute.io (MUTE),"TokenTracker,DeFi"
392,0xd0658324074D6249a51876438916f7C423075451,Yearn Land (yLand),"TokenTracker,DeFi"
393,0x77252494c25444f8598a0c74ffc90adc535291a9,Nemesis (NMS),"TokenTracker,DeFi"
394,0xF5789816891ae6a009716085eD59d3347b12e7d7,Bae.finance (BAE),"TokenTracker,DeFi"
395,0x46d886887b6908183032c75dee1b731b26d653c6,GreenCoin (GRC),"TokenTracker,DeFi"
396,0x22b243b96495c547598d9042b6f94b01c22b2e9e,Cream Swag Token (crSWAG),"TokenTracker,DeFi"
397,0x8A0Cc55c455bf83Fed5549f1631D98F4505Fc142,7Day.finance (7Day),"TokenTracker,DeFi"
398,0xde3e18ecb613498b9a1483af51394ec2259bcd0a,DeFiat Points v2 (DFTPv2),"TokenTracker,DeFi"
399,0xED7Fa212E100DFb3b13B834233E4B680332a3420,Street Cred (CRED),"TokenTracker,DeFi"
400,0xf56842Af3B56Fd72d17cB103f92d027bBa912e89,BambooDeFi (BAMBOO),"TokenTracker,DeFi"
401,0x49f4592e641820e928f9919ef4abd92a719b4b49,Fulcrum sUSD iToken (iSUSD),"TokenTracker,DeFi"
402,0x77c47a183b12fe7d40b36165c5dab80d0de79590,Mahaclassic DAO (MAHC),"TokenTracker,DeFi"
403,0x3D3097Cd94fEC5Dc823E5025A59438E63757dC79,PLASMA (PLASMA),"TokenTracker,DeFi"
404,0xA64BD6C70Cb9051F6A9ba1F163Fdc07E0DfB5F84,Aave Interest bearing LINK (aLINK),"TokenTracker,DeFi"
405,0x1adc34af68e970a93062b67344269fd341979eb0,dForce USD (iUSX),"TokenTracker,DeFi"
406,0x45C943973e65d069906b0dC33dC31d1D7d9d09DC,MOVIECASH (MVH),"TokenTracker,DeFi"
407,0x9c306a78b1a904e83115c05ac67c1ef07c653651,BoringDAO DOGE (oDOGE),"TokenTracker,DeFi"
408,0x38ACeFAd338b870373fB8c810fE705569E1C7225,yearn4.finance (YF4),"TokenTracker,DeFi"
409,0x73ee6d7e6b203125add89320e9f343d65ec7c39a,Axioms (AXI),"TokenTracker,DeFi"
410,0x828EC6E678A40c251f1F37DA389db0f820Af6f9D,xU3LP (xU3LPe),"TokenTracker,DeFi"
411,0x868277d475e0e475e38ec5cda2d9c83b5e1d9fc8,dForce USDT (dUSDT),"TokenTracker,DeFi"
412,0xfa3472f7319477c9bfecdd66e4b948569e7621b9,Yearn yearn.finance (cyYFI),"TokenTracker,DeFi"
413,0x3Ea50B7Ef6a7eaf7E966E2cb72b519C16557497c,Rocket Bunny (BUNNY),"TokenTracker,DeFi"
414,0xce4fe9b4b8ff61949dcfeb7e03bc9faca59d2eb3,Cream Balancer (crBAL),"TokenTracker,DeFi"
415,0xd0f05d3d4e4d1243ac826d8c6171180c58eaa9bc,Value Network Token (VNTW),"TokenTracker,DeFi"
416,0xb800b5eae4a97773a8e7fce38ba014e367cd9597,BTCCB (BTCCB),"TokenTracker,DeFi"
417,0x028fb01ffafe25e278ebb467f69bd79a928cf25e,MCDEX: BTC AMM,"Accounts,MCDEX"
418,0xe3c29ce0c36863fd682f1afe464781df6bebaa0a,MCDEX: BTC Perpetual,"Accounts,MCDEX"
419,0x5378b0388ef594f0c2eb194504aee2b48d1eac18,MCDEX: COMP AMM,"Accounts,MCDEX"
420,0xfa203e643d1fddc5d8b91253ea23b3bd826cae9e,MCDEX: COMP Perpetual,"Accounts,MCDEX"
421,0xaaac8434217575643b2d2ab6f12ce8600c625520,MCDEX: ETH AMM,"Accounts,MCDEX"
422,0x220a9f0dd581cbc58fcfb907de0454cbf3777f76,MCDEX: ETH Perpetual,"Accounts,MCDEX"
423,0xbe83943d5ca2d66fb7ba3a8d4a983782f31a42dc,MCDEX: LEND AMM,"Accounts,MCDEX"
424,0xd48c88a18bfa81486862c6d1d172a39f1365e8ac,MCDEX: LEND Perpetual,"Accounts,MCDEX"
425,0x7230d622d067d9c30154a750dbd29c035ba7605a,MCDEX: LINK AMM,"Accounts,MCDEX"
426,0xa04197e5f7971e7aef78cf5ad2bc65aac1a967aa,MCDEX: LINK Perpetual,"Accounts,MCDEX"
427,0x942df696cd1995ba2eab710d168b2d9cee53b52c,MCDEX: SNX AMM,"Accounts,MCDEX"
428,0x4cc89906db523af7c3bb240a959be21cb812b434,MCDEX: SNX Perpetual,"Accounts,MCDEX"
429,0x97f3d01339215916994c9f40f61b89921c613b4d,ArchProtocol (ARCH),"TokenTracker,DeFi"
430,0xc278041fdd8249fe4c1aad1193876857eea3d68c,IdleTUSD v4 [Best yield] (idleTUSDYield),"TokenTracker,DeFi"
431,0xfdcdfa378818ac358739621ddfa8582e6ac1adcb,Curio Stable Coin (CSC),"TokenTracker,DeFi"
432,0xe6c3120f38f56deb38b69b65cc7dcaf916373963,Cream Uniswap V2 ETH-USDT (crUNI-V2-ETH-USDT),"TokenTracker,DeFi"
433,0x26fa3fffb6efe8c1e69103acb4044c26b9a106a9,Staked Spell Tokens (sSPELL),"TokenTracker,DeFi"
434,0x4dd6d5d861edcd361455b330fa28c4c9817da687,ZENTEREST MPH (zenMPH),"TokenTracker,DeFi"
435,0xda0606037834f4279dc590434231f1e01c468629,Whiteheart USDC LP Token (writeUSDC),"TokenTracker,DeFi"
436,0x67ad111e81408fc444b6a15bd4ffa40c6e919b65,Poll Finance (POLL),"TokenTracker,DeFi"
437,0xa4d9c768e1c6cabb127a6326c0668b49235639e8,2x Wrapped USD (2xUSD),"TokenTracker,DeFi"
438,0x2c9d7512dd4D68578b7728777B95478A288E0D93,"SBF Tweets, Many Rebase (SBF)","TokenTracker,DeFi"
439,0x5B5CFE992AdAC0C9D48E05854B2d91C73a003858,Curve.fi HUSD/3Crv (husd3CRV),"TokenTracker,DeFi"
440,0xb9871cB10738eADA636432E86FC0Cb920Dc3De24,PRIA (PRIA),"TokenTracker,DeFi"
441,0x89045d0af6a12782ec6f701ee6698beaf17d0ea2,iUPixel (PIXEL),"TokenTracker,DeFi"
442,0xbaA9631A98e6D7cB116A0462Bc5432122153D430,SUBTOKEN (SBX),"TokenTracker,DeFi"
443,0x79a91ccaaa6069a571f0a3fa6ed257796ddd0eb4,Cap Coin (CAPC),"TokenTracker,DeFi"
444,0x9BDe1b41187F62fFA812e7c3d00F5A22Df9a3a19,AFREUM (AFR),"TokenTracker,DeFi"
445,0xF2210f65235c2FB391aB8650520237E6378e5C5A,Kaiba DeFi (KAIBA),"TokenTracker,DeFi"
446,0xc4ba45bee9004408403b558a26099134282f2185,dForce Apple Stock (xAPPL),"TokenTracker,DeFi"
447,0x88888858c396847ffdbf3efc218cf3f06256292a,MaNEKO (NEK),"TokenTracker,DeFi"
448,0x92CfbEC26C206C90aeE3b7C66A9AE673754FaB7e,OpenLeverage (OLE),"TokenTracker,DeFi"
449,0x180087a6a87fd6b09a78c9b9b87b71335906c61d,ZENTEREST Kyber Network (zenKNC),"TokenTracker,DeFi"
450,0xef5b32486ed432b804a51d129f4d2fbdf18057ec,Pirate Inu (PINU),"TokenTracker,DeFi"
451,0x9ad37205d608b8b219e6a2573f922094cec5c200,izumi Token (iZi),"TokenTracker,DeFi"
452,0x8fb35c58e48660a29c80452d3c7bf98fe81de921,ZENTEREST UTRUST (zenUTK),"TokenTracker,DeFi"
453,0x35816b4066e48c67b6bc83d9d92f7918ba648fba,YEARN ETHEREUM YIELD (YEY),"TokenTracker,DeFi"
454,0x99ab51fd0581116db20bd4cb3df1b53fbd3bae54,JiX Swap (JIX),"TokenTracker,DeFi"
455,0x797aab1ce7c01eb727ab980762ba88e7133d2157,Cream USDT (crUSDT),"TokenTracker,DeFi"
456,0x4f12c9dabb5319a252463e6028ca833f1164d045,Yearn Compound Dai (cyCDAI),"TokenTracker,DeFi"
457,0xd3bed3a8e3e6b24b740ead108ba776e0ad298588,DEX.AG: Old Contract 1,"Accounts,DEX.AG"
458,0x932348df588923ba3f1fd50593b22c4e2a287919,DEX.AG: Old Contract 2,"Accounts,DEX.AG"
459,0xa540fb50288cc31639305b1675c70763c334953b,DEX.AG: Old Contract 3,"Accounts,DEX.AG"
460,0x745daa146934b27e3f0b6bff1a6e36b9b90fb131,DEX.AG: Proxy Contract,"Accounts,DEX.AG"
461,0xb705268213d593b8fd88d3fdeff93aff5cbdcfae,IDEX Token (IDEX),"TokenTracker,IDEX"
462,0xcdcfc0f66c522fd086a1b725ea3c0eeb9f9e8814,Aurora DAO (AURA),"TokenTracker,IDEX"
463,0xcc13fc627effd6e35d2d2706ea3c4d7396c610ea,IDEX Membership (IDXM),"TokenTracker,IDEX"
464,0x62d693fE5C13b5A5b24C9ec3F423E51C35F5624F,SafeBitcoin (SafeBTC),"TokenTracker,DeFi"
465,0x46bFA3Bb807B5c3b3Ce7F7e0E667397020B6dc15,DefiStarter (DFST),"TokenTracker,DeFi"
466,0x290a565ec7c28557ae872de2f3a5ce500f46a5d2,ZENTEREST SRM (zenSRM),"TokenTracker,DeFi"
467,0xd1b9e138516ee74ee27949eb1b58584a4bede267,Angel (AGL),"TokenTracker,DeFi"
468,0x35b55c25731e9b05b1d8480ba39463d52c9d0211,StonkSwap Token (STONK),"TokenTracker,DeFi"
469,0xa3c5409a987c9325d8598b4731bf513a41c2287d,ZENTEREST Maker (zenMKR),"TokenTracker,DeFi"
470,0x5abfd418adb35e89c68313574eb16bdffc15e607,TimviToken (TMV),"TokenTracker,DeFi"
471,0x17e4C54C20152998A569714fD6eA66A481ae234F,XdexToken (XDEX),"TokenTracker,DeFi"
472,0x3383c5a8969Dc413bfdDc9656Eb80A1408E4bA20,Wrapped ANATHA (wANATHA),"TokenTracker,DeFi"
473,0xAD1F5e38edD65Cb2F0C447214f0A0Ea2c191CFD9,GearAutomatic (AUTO),"TokenTracker,DeFi"
474,0x95bA34760ac3D7fBE98ee8b2AB33b4F1a6D18878,DeCash (DESH),"TokenTracker,DeFi"
475,0xE33586055D39B7D2d17be6F2Ae0671447e98c72B,FxswapToken (FXSWAP),"TokenTracker,DeFi"
476,0x380291A9A8593B39f123cF39cc1cc47463330b1F,Elite Swap (ELT),"TokenTracker,DeFi"
477,0x94d916873b22c9c1b53695f1c002f78537b9b3b2,AlgoVest (AVS),"TokenTracker,DeFi"
478,0xd6ad7a6750a7593e092a9b218d66c0a814a3436e,iearn USDC (yUSDC),"TokenTracker,DeFi"
479,0x57db3ffca78dbbe0efa0ec745d55f62aa0cbd345,Symmetric (SYMM),"TokenTracker,DeFi"
480,0x651cd665bd558175a956fb3d72206ea08eb3df5b,Roseon token (ROSN),"TokenTracker,DeFi"
481,0x4A6E0C442394154e00C55Ee985a9e9593dB3Fa64,GorillaSquad (GSQUAD),"TokenTracker,DeFi"
482,0x615d8e5e1344b36a95f6ecd8e6cda020e84dc25b,Hotpot Funds (HPT),"TokenTracker,DeFi"
483,0x74603e780545d02C4257E7D2BE19c74dE7BE1952,ETG Finance (ETGF),"TokenTracker,DeFi"
484,0x5a51cd77b7a16fbf7dd4c494521b741a625debc9,YHFI.FINANCE (YHFI),"TokenTracker,DeFi"
485,0x3e8ffc8c3cb0db3081df85dec91b63abbbe99f71,Mixsome (SOME),"TokenTracker,DeFi"
486,0x9bA00D6856a4eDF4665BcA2C2309936572473B7E,Aave Interest bearing USDC (aUSDC),"TokenTracker,DeFi"
487,0x8b86e0598616a8d4f1fdae8b59e55fb5bc33d0d6,Cream EthLend Token (crLEND),"TokenTracker,DeFi"
488,0x4013e6754634ca99af31b5717fa803714fa07b35,dForce BTC (ixBTC),"TokenTracker,DeFi"
489,0x0173661769325565d4f011b2e5Cda688689Cc87c,Quantland (QLT),"TokenTracker,DeFi"
490,0xeb58343b36c7528f23caae63a150240241310049,Nimbus (NBU),"TokenTracker,DeFi"
491,0x9bde098be22658d057c3f1f185e3fd4653e2fbd1,KP2R.Network (KP2R),"TokenTracker,DeFi"
492,0x5729b237D016EC3C24e5C926D9884d8a77Bc3781,EPOXY (EPX),"TokenTracker,DeFi"
493,0xba9262578efef8b3aff7f60cd629d6cc8859c8b5,Fulcrum WBTC iToken (iWBTC),"TokenTracker,DeFi"
494,0xcadc0acd4b445166f12d2c07eac6e2544fbe2eef,CAD Coin (CADC),"TokenTracker,DeFi"
495,0x3ecb96039340630c8b82e5a7732bc88b2aeade82,bRing Token (BRNG),"TokenTracker,DeFi"
496,0x7C81542ED859A2061538FEE22B6544a235B9557D,Comboos (Comb),"TokenTracker,DeFi"
497,0x7deB5e830be29F91E298ba5FF1356BB7f8146998,Aave Interest bearing MKR (aMKR),"TokenTracker,DeFi"
498,0x9ed880b7f75a220c0450e4884521ba8d500eb4bb,xU3LP (xU3LPh),"TokenTracker,DeFi"
499,0xa0b93b9e90ab887e53f9fb8728c009746e989b53,Standard Token (TST),"TokenTracker,DeFi"
500,0x25e1474170c4c0aA64fa98123bdc8dB49D7802fa,Bidao (BID),"TokenTracker,DeFi"
501,0xf87193cbb9c9aee4790c08031bdfe2050f23ee9d,Harbour (HABR),"TokenTracker,DeFi"
502,0xc162e46e891Da3e7A2AC2F3dF2A305C9ae938d4f,yfChain (YFC),"TokenTracker,DeFi"
503,0x0eF3b2024ae079e6dBC2b37435cE30d2731F0101,UNIFI (UNIFI),"TokenTracker,DeFi"
504,0x23ec026590d6cccfece04097f9b49ae6a442c3ba,OtoCo (OTOCO),"TokenTracker,DeFi"
505,0xCA55F9C4E77f7B8524178583b0f7c798De17fD54,Yearn Synth sEUR (cySEUR),"TokenTracker,DeFi"
506,0x0F959aE03679dd69975cCfa7bb6F286b273FB29E,Cuvrr (CUVR),"TokenTracker,DeFi"
507,0x727e8260877f8507f8d61917e9778b6af8491e63,Charizard Inu (CHARIZARD),"TokenTracker,DeFi"
508,0x14Be9Bde94102E13971E8f98ACEcaC823CB7fD30,YearnFinanceConnect (YFIC),"TokenTracker,DeFi"
509,0xa2ce22d8b75847e6f3dd80800736993b1b79c4b9,Apolline (APLN),"TokenTracker,DeFi"
510,0x67e74603df95cabbebc6795478c2402a01ea1517,Wurstcoin (WURST),"TokenTracker,DeFi"
511,0xF4c17Bc4979c1dc7b4CA50115358Dec58C67fD9d,Omega Protocol Money (OPM),"TokenTracker,DeFi"
512,0xa3ee21c306a700e682abcdfe9baa6a08f3820419,Gluwa Creditcoin Vesting Token (G-CRE),"TokenTracker,DeFi"
513,0xd9d01d4cb824219a8f482a0fad479cb971fd0628,EnterCoin (ENTRC),"TokenTracker,DeFi"
514,0x8b3ff1ed4f36c2c2be675afb13cc3aa5d73685a5,Cream Celsius (crCEL),"TokenTracker,DeFi"
515,0x2b7018Fca0eccfBc738828e1E8f1C7038EBBCaa8,Eggy.Finance (EGG),"TokenTracker,DeFi"
516,0x5b75c16c049efbeee42c00760ebd39725ea3dd69,Alero Swap (ALS),"TokenTracker,DeFi"
517,0x049e119413ab1f1b0fd836e657e3e4ba3ad9cab8,KESEF.FINANCE (KSF),"TokenTracker,DeFi"
518,0x5c6DE810839F33dF74d63e21f33e216802B337Af,SymDefi (SDF),"TokenTracker,DeFi"
519,0xA89ac6e529aCf391CfbBD377F3aC9D93eae9664e,Keep4r (KP4R),"TokenTracker,DeFi"
520,0x3b3ac5386837dc563660fb6a0937dfaa5924333b,Curve.fi yDAI/yUSDC/yUSDT/yBUSD (yDAI+yUSDC+yUSDT+yBUSD),"TokenTracker,DeFi"
521,0xa143ac515dca260a46c742c7251ef3b268639593,Bulk Token (BULK),"TokenTracker,DeFi"
522,0x1f52453b32bfab737247114d56d756a6c37dd9ef,Wrapped Ether (WETH),"TokenTracker,DeFi"
523,0x10fdbd1e48ee2fd9336a482d746138ae19e649db,Cream FTX Token (crFTT),"TokenTracker,DeFi"
524,0xa4c6984e817c086ddc3ebaeedbdcc01469586918,Peaches.Finance (PCHS),"TokenTracker,DeFi"
525,0xb493D50Bf06C7B7cB3C89C6429282f64B5Ad6CBA,GlobalGoldenChainToken (GGCT),"TokenTracker,DeFi"
526,0xA174146A00D6bB681b247C0813f635551Ea60870,FORSAGE.FINANCE (FFI),"TokenTracker,DeFi"
527,0x4f640f2529ee0cf119a2881485845fa8e61a782a,pTokens ORE (ORE),"TokenTracker,DeFi"
528,0x7ff4169a6b5122b664c51c95727d87750ec07c84,10Set Token (10SET),"TokenTracker,DeFi"
529,0x0AaCfbeC6a24756c20D41914F2caba817C0d8521,YAM (YAM),"TokenTracker,DeFi"
530,0x12a9cc33a980daa74e00cc2d1a0e74c57a93d12c,Yearn Synthetix Network Token (cySNX),"TokenTracker,DeFi"
531,0x0ba45a8b5d5575935b8158a88c631e9f9c95a2e5,Tellor Tributes (TRB),"TokenTracker,DeFi"
532,0xd0983dd6a0334c71d0478255d1f794508026b888,EGG Protocol (EGG),"TokenTracker,DeFi"
533,0xba661219f80902d52864dafea5a008deab1ad097,Prodexp Token (PROD),"TokenTracker,DeFi"
534,0x86632544e69c8019babd01be75393f9c2d46ee70,Dynamic Network Token (DNT),"TokenTracker,DeFi"
535,0x17d1823bd5e96e76e822ab42b61d348302e072d5,ROSA (ROSA),"TokenTracker,DeFi"
536,0x49e833337ece7afe375e44f4e3e8481029218e5c,Value Liquidity (VALUE),"TokenTracker,ValueDeFi"
537,0x9b17baadf0f21f03e35249e0e59723f34994f806,NFTmall GEM Token (GEM),"TokenTracker,DeFi"
538,0xD0D42005e7B3c0812b1268F0e5FAF97Ff2423651,KOROMARU (KOROMARU),"TokenTracker,DeFi"
539,0xb7ba8461664dE526A3ae44189727DFC768625902,YMPL (YMPL),"TokenTracker,DeFi"
540,0xDea67845A51E24461D5fED8084E69B426AF3D5Db,HodlTree (HTRE),"TokenTracker,DeFi"
541,0x62dc4817588d53a056cbbd18231d91ffccd34b2a,DeHive.finance (DHV),"TokenTracker,DeFi"
542,0x282d0ad1fa03dfbdb88243b958e77349c73737d1,Protector Roge (PROGE),"TokenTracker,DeFi"
543,0x00a55375002f3cda400383f479e7cd57bad029a9,Conjure (CNJ),"TokenTracker,DeFi"
544,0x1df6f1bb7454e5e4ba3bca882d3148fbf9b5697a,YFSCIENCE (YFSI),"TokenTracker,DeFi"
545,0xf1738912ae7439475712520797583ac784ea9033,XionGlobal Token (XGT),"TokenTracker,DeFi"
546,0x741b0428efdf4372a8df6fb54b018db5e5ab7710,ARTX Token (ARTX),"TokenTracker,DeFi"
547,0x3936Ad01cf109a36489d93cabdA11cF062fd3d48,Coil (COIL),"TokenTracker,DeFi"
548,0x429876c4a6f89fb470e92456b8313879df98b63c,Cryption Network Token (CNT),"TokenTracker,DeFi"
549,0x459086f2376525bdceba5bdda135e4e9d3fef5bf,renBCH (renBCH),"TokenTracker,DeFi"
550,0xceb286c9604c542d3cc08b41aa6c9675b078a832,Vortex DeFi (VTX),"TokenTracker,DeFi"
551,0xecC0F1F860a82aB3b442382D93853C02d6384389,AXIS (AXIS),"TokenTracker,DeFi"
552,0xAa9D866666C2A3748d6B23Ff69E63E52f08d9AB4,Fundamenta (FMTA),"TokenTracker,DeFi"
553,0x99c6e435ec259a7e8d65e1955c9423db624ba54c,Finminity (FMT),"TokenTracker,DeFi"
554,0x878cf148ccbb50426043a9affe54ba408221c7fa,Crypto Kombat Token (KOMBAT),"TokenTracker,DeFi"
555,0xb48E0F69e6A3064f5498D495F77AD83e0874ab28,CXN Network (CXN),"TokenTracker,DeFi"
556,0xc434b27736a6882d33094d34792999702860a13c,Savix (SVX),"TokenTracker,DeFi"
557,0xc299004a310303D1C0005Cb14c70ccC02863924d,Trinity (TRI),"TokenTracker,DeFi"
558,0x952e116156d4b0ae398c1f85dd7683957be08526,WrappedPGO (wPGO),"TokenTracker,DeFi"
559,0x44564d0bd94343f72e3c8a0d22308b7fa71db0bb,BasketDAO Gov (BASK),"TokenTracker,DeFi"
560,0x24c19f7101c1731b85f1127eaa0407732e36ecdd,Sharedstake.finance (SGT),"TokenTracker,DeFi"
561,0x2c31b10ca416b82cec4c5e93c615ca851213d48d,Force DAO (FORCE),"TokenTracker,DeFi"
562,0xb81d70802a816b5dacba06d708b5acf19dcd436d,Dextoken Governance (DEXG),"TokenTracker,DeFi"
563,0x021576770CB3729716CCfb687afdB4c6bF720CB6,unlimited FiscusFYI (uFFYI),"TokenTracker,DeFi"
564,0xD61B60Ccbdaf09c2e036c72734Adb3270ed27192,WaterDrop (WDP),"TokenTracker,DeFi"
565,0x4af5ff1a60a6ef6c7c8f9c4e304cd9051fca3ec0,RigelToken (RGP),"TokenTracker,DeFi"
566,0x045Eb7e34e94B28C7A3641BC5e1A1F61f225Af9F,ZPAY (ZPAE),"TokenTracker,DeFi"
567,0x17525e4f4af59fbc29551bc4ece6ab60ed49ce31,PieDAO Yearn Ecosystem Pie (YPIE),"TokenTracker,DeFi"
568,0xaa99199d1e9644b588796f3215089878440d58e0,ALPHR (ALPHR),"TokenTracker,DeFi"
569,0x91d6f6e9026E43240ce6F06Af6a4b33129EBdE94,RiveX Token (RVX),"TokenTracker,DeFi"
570,0x1B4052d98fb1888C2Bf3B8d3b930e0aFf8A910dF,Community Token (COM),"TokenTracker,DeFi"
571,0xa42f266684ac2ad6ecb00df95b1c76efbb6f136c,Cash Tech (CATE),"TokenTracker,DeFi"
572,0xC0E47007e084EEF3EE58eb33D777b3B4Ca98622f,StarCurve (XSTAR),"TokenTracker,DeFi"
573,0xa117ea1c0c85CEf648df2b6f40e50bb5475C228d,DUCATO Protocol Token (DUCATO),"TokenTracker,DeFi"
574,0xe047705117Eb07e712C3d684f5B18E74577e83aC,BitcashPay (BCP),"TokenTracker,DeFi"
575,0xc75F15AdA581219c95485c578E124df3985e4CE0,zzz.finance (ZZZ),"TokenTracker,DeFi"
576,0x1e6f69ed9375c3ba4b8e09ed9cee6bd31b3848ac,Red Cherry (RCH),"TokenTracker,DeFi"
577,0x903560b1cce601794c584f58898da8a8b789fc5d,Cream Keep3rV1 (crKP3R),"TokenTracker,DeFi"
578,0x3BBaf639f381B2D75B321903A921850fc2Fe1538,FairToken (FAIR),"TokenTracker,DeFi"
579,0xbd56e9477fc6997609cf45f84795efbdac642ff1,Fulcrum REP iToken (iREP),"TokenTracker,DeFi"
580,0x82413f75f0da101e0fe7f6ff6cba3461f7e04f29,WePiggy Uniswap (pUNI),"TokenTracker,DeFi"
581,0x1df833335ead4138450deb06dab63e3a9be9f3ba,GasFarm Token (GFT),"TokenTracker,DeFi"
582,0x95a4492F028aa1fd432Ea71146b433E7B4446611,APY Governance Token (APY),"TokenTracker,DeFi"
583,0x0a2970076268ee75ea4e0e82e1eb3cf7124a1a57,Kagra Bond (KGRb),"TokenTracker,DeFi"
584,0xa54d2EBfD977ad836203c85F18db2F0a0cF88854,BaconCoin (BACON),"TokenTracker,DeFi"
585,0xB4539E156364bf7ffa5d1338D9978C4E0379C873,GearProtocol v2 (GEAR),"TokenTracker,DeFi"
586,0x7d7470Bc321A60cb11c7989356ad66a161C56628,ZAP (ZAP),"TokenTracker,DeFi"
587,0x1c5db575e2ff833e46a2e9864c22f4b22e0b37c2,renZEC (renZEC),"TokenTracker,DeFi"
588,0xBE86e8918DFc7d3Cb10d295fc220F941A1470C5c,Yearn mStable USD (cyMUSD),"TokenTracker,DeFi"
589,0xdBee1d8C452c781C17Ea20115CbaD0d5f627a680,Strike SXP (sSXP),"TokenTracker,DeFi"
590,0x9680223f7069203e361f55fefc89b7c1a952cdcc,Inventory (ITEM),"TokenTracker,DeFi"
591,0x609c711783295209d9f33f535a7ca55b8ff87af2,Toll Free Swap (TOLL),"TokenTracker,DeFi"
592,0x21275c1147ebafff90aaa13f9a58bbc61a003371,Infinity Yield (IFY),"TokenTracker,DeFi"
593,0xa462d0e6bb788c7807b1b1c96992ce1f7069e195,EQUUSMiningToken (EQMT),"TokenTracker,DeFi"
594,0x49849C98ae39Fff122806C06791Fa73784FB3675,Curve.fi renBTC/wBTC (crvRenWBTC),"TokenTracker,DeFi"
595,0x009178997aff09a67d4caccfeb897fb79d036214,1sol.io (1SOL),"TokenTracker,DeFi"
596,0xbC396689893D065F41bc2C6EcbeE5e0085233447,Perpetual (PERP),"TokenTracker,DeFi"
597,0xc8eec1277b84fc8a79364d0add8c256b795c6727,DeepGo Token (DGT),"TokenTracker,DeFi"
598,0x23696914ca9737466d8553a2d619948f548ee424,Staked TrueFi (stkTRU),"TokenTracker,DeFi"
599,0x27cd7375478f189bdcf55616b088be03d9c4339c,Cosmo Token (COSMO),"TokenTracker,DeFi"
600,0xdf276a2442ccbbdf0707427668434d6d130b75eb,DeFini (DFNi),"TokenTracker,DeFi"
601,0xff0A3C3394765700611bC4Cac016821aECa7D1A1,Vadia Finance (VAD),"TokenTracker,DeFi"
602,0xea8b224edd3e342deb514c4176c2e72bcce6fff9,Redeemable SAI (rSAI),"TokenTracker,DeFi"
603,0x069c045c325482a28f06e7f2fc1c02a1aab81a68,SIGH BOOSTERS (SBT),"TokenTracker,DeFi"
604,0x9bA00D6856a4eDF4665BcA2C2309936572473B7E,Aave Interest bearing USDC (aUSDC),"TokenTracker,DeFi"
605,0x2b9b4826552a2cf5fb54023c4c49f5d71667be3c,Rising Coin (RC),"TokenTracker,DeFi"
606,0xf74941046389c78f12fe44784c0ec9ca7ceb7dc2,Dreamr Platform Token (DMR),"TokenTracker,DeFi"
607,0xAE9CBE6eBf72A51c9Fcea3830485614486318Fd4,newtonium.org (NEWTON),"TokenTracker,DeFi"
608,0x6a2523c3eb9159fe4321ca70c06cbc04b3732a63,TrailerPark (PARK),"TokenTracker,DeFi"
609,0x67D94Da1F10861174926681984DBCb4c97EA25Dd,desire.finance (DESIRE),"TokenTracker,DeFi"
610,0x02285acaafeb533e03a7306c55ec031297df9224,dForce DAI (dDAI),"TokenTracker,DeFi"
611,0x7589c9e17bcfce1ccaa1f921196fda177f0207fc,Yearn Y3CRV (cyY3CRV),"TokenTracker,DeFi"
612,0x6a625ddb2e2a2de0257c5129364dd80bb4afa3b9,IKOMP (IKOMP),"TokenTracker,DeFi"
613,0xcbf5b2212087c21edcf2fc599a4619250bad39a2,Artem Wrapped BTC (aWBTC),"TokenTracker,DeFi"
614,0x3ecb96039340630c8b82e5a7732bc88b2aeade82,bRing Token (BRNG),"TokenTracker,DeFi"
615,0x6ee0f7bb50a54ab5253da0667b0dc2ee526c30a8,Aave Interest bearing Binance USD (aBUSD),"TokenTracker,DeFi"
616,0x2fd8bc03d9e827f77fac20b5130ee98b7f80149d,CARBON (CRB),"TokenTracker,DeFi"
617,0x38ACeFAd338b870373fB8c810fE705569E1C7225,yearn4.finance (YF4),"TokenTracker,DeFi"
618,0xf54954ba7e3cdfda23941753b48039ab5192aea0,dForce USD (iUSX),"TokenTracker,DeFi"
619,0xd1d99e7bc649d2b8e01eca22908dba5813ae6f10,Bancor Liquidity Mining T-Shirt Tok... (BNLM),"TokenTracker,DeFi"
620,0x3bdbd2b661560bcdf59bdc74576f65e2f714b836,ZENTEREST RUNE (zenRUNE),"TokenTracker,DeFi"
621,0x54698263f0dc9fea49fc4b158e5e523cad7e56a5,KANVA (KNV),"TokenTracker,DeFi"
622,0x99f2b69ee2468c834a634ff50d930ae64e3e500f,Universal Trade Interface (UTRIN),"TokenTracker,DeFi"
623,0xCBe7142F5c16755D8683BA329EFA1ABF7b54482d,MedicalVEDA (MVEDA),"TokenTracker,DeFi"
624,0x9d72bcfb7f3bafe7b7d03e33265e75fa8b842cd7,Rao Token (RAO),"TokenTracker,DeFi"
625,0x7283fe6ae81f39d07850b78f282037b65448a2bc,ZENTEREST OMG Network (zenOMG),"TokenTracker,DeFi"
626,0x054bD236b42385c938357112F419dC5943687886,HeavensGate (HATE),"TokenTracker,DeFi"
627,0x5a50B3d55e9a1089029824a26caaA8f2abFC4bb0,xunii.finance (XUNII),"TokenTracker,DeFi"
628,0xb0Dc4Af6F1E722dD201aC15216B6afB51e78ff3B,Beer Token (BEER),"TokenTracker,DeFi"
629,0x1303207BCC23704e8c4558FeFc2Ed1d7e9BD014d,Chance Coin (CHANCE),"TokenTracker,DeFi"
630,0x420cf01fdc7e3c42c3d89ae8799baccbffa9ceaa,xU3LP (xU3LPb),"TokenTracker,DeFi"
631,0x738e0c78e759611956894edca8a41955f2701ac5,XYfinance (XYFI),"TokenTracker,DeFi"
632,0x397e10ee5e315f69b23cb6c8a913a589b5850c80,YUGEN (YGN),"TokenTracker,DeFi"
633,0x000000000000d0151e748d25b766e77efe2a6c83,XDEFI Governance Token (XDEX),"TokenTracker,DeFi"
634,0x9fC689CCaDa600B6DF723D9E47D84d76664a1F23,Curve.fi cDAI/cUSDC/USDT (cDAI+cUSDC+USDT),"TokenTracker,DeFi"
635,0x865bb9a28041259b4badafd37799a288aabbfc8c,Moma Token (MOMAT),"TokenTracker,DeFi"
636,0x43901e05f08f48546fff8d6f8df108f60570498b,BASENJI (BSJ),"TokenTracker,DeFi"
637,0x865bb9a28041259b4badafd37799a288aabbfc8c,Moma Token (MOMAT),"TokenTracker,DeFi"
638,0x43901e05f08f48546fff8d6f8df108f60570498b,BASENJI (BSJ),"TokenTracker,DeFi"
639,0x4e3ab01b098ecda0313f9e15a1608d17371fe01f,DEEP STAKE (DEST),"TokenTracker,DeFi"
640,0xe3334e66634acf17b2b97ab560ec92d6861b25fa,ZENTEREST WHITE (zenWHITE),"TokenTracker,DeFi"
641,0xaefad686f4b894ce4f9c74af755ab4651e420eba,Krisper (KRP),"TokenTracker,DeFi"
642,0x98f9df7ad11ee79377e8b0be8680eda0dad35400,Scam ALERT: Medium Risk. Audit made... (SCAM-MediumRisk),"TokenTracker,DeFi"
643,0x7aa46a51f717404d944051af3075bbcb49b2288b,GENEBANK Token (GNBT),"TokenTracker,DeFi"
644,0x77777777772cf0455fB38eE0e75f38034dFa50DE,XY Token (XY),"TokenTracker,DeFi"
645,0x6ba0c66c48641e220cf78177c144323b3838d375,Cream SushiSwap LP Token SUSHI-ETH (crSLP-SUSHI-ETH),"TokenTracker,DeFi"
646,0x5dd115eb39a0fc5da9022e4bbb8e8679ca066a74,Unilord (PEER),"TokenTracker,DeFi"
647,0x6801adc8491b23103c947ef44d290fc8d62e8950,dogefarm.finance (yDOGE),"TokenTracker,DeFi"
648,0xd9958826Bce875A75cc1789D5929459E6ff15040,Sealed Hakka (sHAKKA),"TokenTracker,DeFi"
649,0x8e1444684fe016f616be5cf9f2f967ec74958755,Coinfarm.Network (CFRN),"TokenTracker,DeFi"
650,0x73f6cba38922960b7092175c0add22ab8d0e81fc,Cream SushiSwap LP Token WBTC-ETH (crSLP-WBTC-ETH),"TokenTracker,DeFi"
651,0xeff039c3c1d668f408d09dd7b63008622a77532c,Cream Wrapped NXM (crWNXM),"TokenTracker,DeFi"
652,0x5166e09628b696285e3a151e84fb977736a83575,Volatility Protocol Token (VOL),"TokenTracker,DeFi"
653,0x6a5da54907d791286cd94ed7fd04160fa7f3fdf3,Callisto (YCT),"TokenTracker,DeFi"
654,0xef538b1604b0ccc265a99b295f2fed4ad9dcddcf,EONS (EONS),"TokenTracker,DeFi"
655,0xd1d99e7bc649d2b8e01eca22908dba5813ae6f10,Bancor Liquidity Mining T-Shirt Tok... (BNLM),"TokenTracker,DeFi"
656,0x1ff8cdb51219a8838b52e9cac09b71e591bc998e,Cream Binance USD (crBUSD),"TokenTracker,DeFi"
657,0x88c64a7d2ecc882d558dd16abc1537515a78bb7d,Shifted BTC (zBTC),"TokenTracker,DeFi"
658,0x7c3e3eae4d893d11c61e74d5187c962ba5744a3b,Kokoswap Token (KOKO),"TokenTracker,DeFi"
659,0xa81ead406fd4a1b24eb0440d1876563528a22cd4,DUCAT Token (DUCAT),"TokenTracker,DeFi"
660,0x61c9ffab2eddba8e725c7658239360d5fe7863c0,Monific Token (MONIFIC),"TokenTracker,DeFi"
661,0x17d1823bd5e96e76e822ab42b61d348302e072d5,ROSA (ROSA),"TokenTracker,DeFi"
662,0x33d6064f0dfb62462a74049f30909ddd4f683ba2,Serenity (SEREN),"TokenTracker,DeFi"
663,0x944854f404c7c0df9780651d9b29947c89d8fd19,eSERO (eSERO),"TokenTracker,DeFi"
664,0xc03841b5135600312707d39eb2af0d2ad5d51a91,BasketCoin (BSKT),"TokenTracker,DeFi"
665,0xac00797df10e825589D8b53E715393BE4E617459,BUBBLE (BBL),"TokenTracker,DeFi"
666,0xa31fdbaa772745d11843efeda9922dcbf5460672,Lift.Kitchen Control DAO (CTRL),"TokenTracker,DeFi"
667,0x856ee6a073386b2dd440a8cfc9d961b64aa78fe0,Pixie Inu (PIXIE),"TokenTracker,DeFi"
668,0xa3968dabf386d99f67c92c4e3c7cfdf2c0ccc396,ZENTEREST Matic Network (zenMATIC),"TokenTracker,DeFi"
669,0x8d2cb35893c01fa8b564c84bd540c5109d9d278e,dForce ETH (xETH),"TokenTracker,DeFi"
670,0x7f13dbb949c48f2a377fa4db4f2d5221ecbf3df9,Wolf Token (WOLF),"TokenTracker,DeFi"
671,0x3FA729B4548beCBAd4EaB6EF18413470e6D5324C,Mover (MOVE),"TokenTracker,DeFi"
672,0x3fe7940616e5bc47b0775a0dccf6237893353bb4,IdleDAI v4 [Best yield] (idleDAIYield),"TokenTracker,DeFi"
673,0x85759961b116f1d36fd697855c57a6ae40793d9b,Cream 1INCH Token (cr1INCH),"TokenTracker,DeFi"
674,0x5A08c1A3455E37Ac6bE0EaE40f2a451D10529824,Yearn Gold Finance (YGF),"TokenTracker,DeFi"
675,0xefe2afb5f2a9ea8ec6d8a57fe88febcfe29db813,bUKHI (bUKH),"TokenTracker,DeFi"
676,0x625aE63000f46200499120B906716420bd059240,Aave Interest bearing SUSD (aSUSD),"TokenTracker,DeFi"
677,0xe74be071f3b62f6a4ac23ca68e5e2a39797a3c30,Recharge (RCG),"TokenTracker,DeFi"
678,0xaa03c063f7Cd3E1636e384090CB7Dc537DEC64Ac,YouFuture (YFTT),"TokenTracker,DeFi"
679,0x66d1b01c0fd7c2d8718f0997494b53ff5c485688,MilkyWayToken (MILK),"TokenTracker,DeFi"
680,0x35101c731b1548B5e48bb23F99eDBc2f5c341935,BlackHoleSwap-Compound DAI/USDC v1 (BHSc$),"TokenTracker,DeFi"
681,0x4e3a36a633f63aee0ab57b5054ec78867cb3c0b8,Yearn Synth sUSD (cySUSD),"TokenTracker,DeFi"
682,0x4164e5b047842Ad7dFf18fc6A6e63a1e40610f46,Strike STRK (sSTRK),"TokenTracker,DeFi"
683,0x61bc1F530AC6193D73aF1e1A6A14CB44b9C3f915,Pajama.Finance (PJM),"TokenTracker,DeFi"
684,0x8b86e0598616a8d4f1fdae8b59e55fb5bc33d0d6,Cream EthLend Token (crLEND),"TokenTracker,DeFi"
685,0x2d94aa3e47d9d5024503ca8491fce9a2fb4da198,Bankless Token (BANK),"TokenTracker,DeFi"
686,0xD905e2eaeBe188fc92179b6350807D8bd91Db0D8,Curve.fi DAI/USDC/USDT/PAX (ypaxCrv),"TokenTracker,DeFi"
687,0xe57425f1598f9b0d6219706b77f4b3da573a3695,BitcoinBR (BTCBR),"TokenTracker,DeFi"
688,0xaF183350bDF8082B486CEE23fBfcCa6eA3258DAC,Defi Firefly (DFF),"TokenTracker,DeFi"
689,0x44e2dec86b9f0e0266e9aa66e10323a2bd69cf9a,Attrace (ATTR),"TokenTracker,DeFi"
690,0x270371c58d9d775ed73971dd414656107384f235,BTAP (BTAP),"TokenTracker,DeFi"
691,0x0ed442dd6030f60050f053d9ca99dd8409f8b77a,Zillow (ZLW),"TokenTracker,DeFi"
692,0x08e411220e47e3Fc43BFb832186ABA95108F2861,Eclipseum (ECL),"TokenTracker,DeFi"
693,0xCAC7a8aeC77372449412cA7C1FC945B615EAa957,Yolex.io (YEX),"TokenTracker,DeFi"
694,0x59459A7fdF11A341bB14413CCa51850f072901CC,"Etheous, Inc. (EHS)","TokenTracker,DeFi"
695,0x06890d4c65a4cb75be73d7ccb4a8ee7962819e81,xKNC (xKNCb),"TokenTracker,DeFi"
696,0x094f00cb5e31ab6164e3cacb654e8d6c2b3b471c,ProSwap (PROS),"TokenTracker,DeFi"
697,0x2720bC34BE77C8df0e0842FfBbc4B8b625E8CE9B,Quantanomica (QNA),"TokenTracker,DeFi"
698,0xe888730325620bCaB4dF7852222D3b041c8479A8,SPAM Token (SPAM),"TokenTracker,DeFi"
699,0xfC1E690f61EFd961294b3e1Ce3313fBD8aa4f85d,Aave Interest bearing DAI (aDAI),"TokenTracker,DeFi"
700,0x3cbc780d2934d55a06069e837fabd3e6fc23dab0,DBX (DBX),"TokenTracker,DeFi"
701,0xf0a93d4994b3d98fb5e3a2f90dbc2d69073cb86b,PWRD Stablecoin (PWRD),"TokenTracker,DeFi"
702,0x6b785a0322126826d8226d77e173d75dafb84d11,Bankroll Vault (VLT),"TokenTracker,DeFi"
703,0x213C53C96A01a89E6Dcc5683cF16473203E17513,DssToken (DSS),"TokenTracker,DeFi"
704,0x5dbcf33d8c2e976c6b560249878e6f1491bca25c,yearn Curve.fi yDAI/yUSDC/yUSDT/yTU... (yyDAI+yUSDC+yUSDT+yTUSD),"TokenTracker,DeFi"
705,0x8e595470ed749b85c6f7669de83eae304c2ec68f,Yearn Dai Stablecoin (cyDAI),"TokenTracker,DeFi"
706,0x8ab7404063ec4dbcfd4598215992dc3f8ec853d7,Akropolis (AKRO),"TokenTracker,DeFi"
707,0x4ff5253e2304e3f5ed6547ac5d9952a62b91e3e8,Stabinol Token (STOL),"TokenTracker,DeFi"
708,0x84b588a04bb152b0ee7a4c2a57917889a8c27c53,Artem ARTT (aARTT),"TokenTracker,DeFi"
709,0x8861cff2366c1128fd699b68304ad99a0764ef9a,Cyclone Protocol (CYC),"TokenTracker,DeFi"
710,0x6Fb0855c404E09c47C3fBCA25f08d4E41f9F062f,Aave Interest bearing ZRX (aZRX),"TokenTracker,DeFi"
711,0x195832a377c09074518c1f3aaeb4bc981f79938f,IDO Launchpad (IDO),"TokenTracker,DeFi"
712,0x1adc34af68e970a93062b67344269fd341979eb0,dForce USD (iUSX),"TokenTracker,DeFi"
713,0xF4c17Bc4979c1dc7b4CA50115358Dec58C67fD9d,Omega Protocol Money (OPM),"TokenTracker,DeFi"
714,0x3085154623f51b00dedfc6ceeb5197277a66b17b,NFTY Token (NFTY),"TokenTracker,DeFi"
715,0xfbbe9b1142c699512545f47937ee6fae0e4b0aa9,EDDA (EDDA),"TokenTracker,DeFi"
716,0xf55bbe0255f7f4e70f63837ff72a577fbddbe924,Cream BarnBridge Governance Token (crBOND),"TokenTracker,DeFi"
717,0x1cc9567ea2eb740824a45f8026ccf8e46973234d,Fulcrum KNC iToken (iKNC),"TokenTracker,DeFi"
718,0x17e5404a68fdb802290d5b3673fde19d4bd5e4ee,NEXT PROTOCOL (NEXT),"TokenTracker,DeFi"
719,0xe8b2a3f60697f3c56fca44a9616b91fc9b99f98f,FarSwap (FAR),"TokenTracker,DeFi"
720,0xddce093888c8dc636677cd29bc6c68d35cfdac33,PAPER token (PAPER),"TokenTracker,DeFi"
721,0x33a9f9bace23cfb8dad597a564d055ad415648ff,ZENTEREST 0x (zenZRX),"TokenTracker,DeFi"
722,0x6c3F90f043a72FA612cbac8115EE7e52BDe6E490,Curve.fi DAI/USDC/USDT (3Crv),"TokenTracker,DeFi"
723,0x1052620F0cB7247B8622B85d04180E25f49D2267,plouto.finance (PLU),"TokenTracker,DeFi"
724,0xb140A429c342083E97Daf42d5D82634bd7Ade7d4,WAX Governance Token (WAXG),"TokenTracker,DeFi"
725,0x50b379ec299E4585F2644EA6376D00b3C402c8cc,UniSushi (UniSushi),"TokenTracker,DeFi"
726,0x74e87fba6c4bcd17fe5f14d73f590ed3c13e821b,xU3LP (xU3LPc),"TokenTracker,DeFi"
727,0x5F64Ab1544D28732F0A24F4713c2C8ec0dA089f0,DEXTF Token (DEXTF),"TokenTracker,DeFi"
728,0xcf452fa941a965f4bb245e6dbb8f599d40749880,SpaceStableIndex (SSI),"TokenTracker,DeFi"
729,0xfc0e2fe627c6329dc7d1fc57b43f30059665e803,XTRA Protocol (XTR),"TokenTracker,DeFi"
730,0xb0aa163e92f0c3b6005d0580cdcc5dd79c42301f,DOGKAGE (DAKE),"TokenTracker,DeFi"
731,0xa1e72267084192Db7387c8CC1328fadE470e4149,TrueFi TrueUSD (tfTUSD),"TokenTracker,DeFi"
732,0xa1787206d5b1be0f432c4c4f96dc4d1257a1dd14,yUSDT (yUSDT),"TokenTracker,DeFi"
733,0x4a5b823592c2a1e95502c0b55afba2397e71799d,ZENTEREST Badger DAO (zenBADGER),"TokenTracker,DeFi"
734,0x1a76bffd6d1fc1660e1d0e0552fde51ddbb120cf,Realio Security Token (RST),"TokenTracker,DeFi"
735,0xf644d4477cd8db7791cea3013cb053b3fec4beb3,Cryptoenter LION token (LION),"TokenTracker,DeFi"
736,0xd0f37d2b83ace04f7506c3c69eb8bda15849259b,HOMELAND DAO Token (HOME),"TokenTracker,DeFi"
737,0x111111125434b319222cdbf8c261674adb56f3ae,1inch Network v2,"Accounts,Dex"
738,0xdb38ae75c5f44276803345f7f02e95a0aeef5944,1inch v3: Router,"Accounts,Dex"
739,0x1111111254fb6c44bac0bed2854e76f90643097d,1inch v4: Router,"Accounts,Dex"
740, 0x11111254369792b2ca5d084ab5eea397ca8fa48b,1inch.exchange,"Accounts,Dex"
741,0xd47140f6ab73f6d6b6675fb1610bb5e9b5d96fe5,1inch.exchange v2: Old Router,"Accounts,Dex"
742,0xe069cb01d06ba617bcdf789bf2ff0d5e5ca20c71,1inch.exchange v2: Router,"Accounts,Dex"
743,0xe8fff15bb5e14095bfdfa8bb85d83cc900c23c56,AfroDex,"Accounts,Dex"
744,0x4572f2554421bd64bef1c22c8a81840e8d496bea,AirSwap,"Accounts,Dex"
745,0xc549a5c701cb6e6cbc091007a80c089c49595468,AirSwap: Light,"Accounts,Dex"
746,0xa58f22e0766b3764376c92915ba545d583c19dbc,Alchemist Coin: MistX Router,"Accounts,Dex"
747,0xfcadf926669e7cad0e50287ea7d563020289ed2c,Alchemist Coin: MistX Router 2,"Accounts,Dex"
748,0xdc1882f350b42ac9a23508996254b1915c78b204,Allbit 1,"Accounts,Dex"
749,0xff6b1cdfd2d3e37977d7938aa06b6d89d6675e27,Allbit 2,"Accounts,Dex"
750,0x0e8ba001a821f3ce0734763d008c9d7c957f5852,AmadeusRelay,"Accounts,Dex"
751,0xc898fbee1cc94c0ff077faa5449915a506eff384,Bamboo Relay,"Accounts,Dex"
752,0x3c020e014069df790d4f4e63fd297ba4e1c8e51f,Bitcratic,"Accounts,Dex"
753,0x39fbd1140cd1fc298f00c3ea64b3591de94c67e7,BitEye 1,"Accounts,Dex"
754,0xb5adb233f28c86cef693451b67e1f2d41da97d21,Bitox.io,"Accounts,Dex"
755,0xa4dc97a565e2364cdeb4efe38c0f153bccb62b01,BTswap: Router,"Accounts,Dex"
756,0xa2b47e3d5c44877cca798226b7b8118f9bfb7a56,Curve.fi: Compound Swap,"Accounts,Dex"
757,0x52ea46506b9cc5ef470c5bf89f17dc28bb35d85c,Curve.fi: USDT Swap,"Accounts,Dex"
758,0x45f783cce6b7ff23b2ab2d70e416cdb7d6055f51,Curve.fi: y Swap,"Accounts,Dex"
759,0x49497a4d914ae91d34ce80030fe620687bf333fd,DDEX 1.0,"Accounts,Dex"
760,0xaf8ae6955d07776ab690e565ba6fbc79b8de3a5d,DeversiFi,"Accounts,Dex"
761,0x5d22045daceab03b158031ecb7d9d06fad24609b,DeversiFi 2,"Accounts,Dex"
762, 0x745daa146934b27e3f0b6bff1a6e36b9b90fb131,DEX.AG: Proxy Contract,"Accounts,Dex"
763,0x000000000000541e251335090ac5b47176af4f7e,dex.blue,"Accounts,Dex"
764,0x7600977eb9effa627d6bd0da2e5be35e11566341,DEx.top,"Accounts,Dex"
765,0x268be5667d4e5bd036bd608d0601ef1441604429,DINNGO: Proxy,"Accounts,Dex"
766,0x6f400810b62df8e13fded51be75ff5393eaa841f,DXdao: Mesa,"Accounts,Dex"
767,0x58a5959a6c528c5d5e03f7b9e5102350e24005f1,ERC dEX,"Accounts,Dex"
768,0x4aea7cf559f67cedcad07e12ae6bc00f07e8cf65,EtherDelta 1,"Accounts,Dex"
769,0x8d12a197cb00d4747a1fe03395095ce2a5cc6819,EtherDelta 2,"Accounts,Dex"
770,0xa5cc679a3528956e8032df4f03756c077c1ee3f4,EtherMium,"Accounts,Dex"
771,0x2a0c0dbecc7e4d658f48e01e3fa353f44050c208,IDEX,"Accounts,Dex"
772,0xa7a7899d944fe658c4b0a1803bab2f490bd3849e,IDEX 2,"Accounts,Dex"
773,0x2cc42d1cd65af27cc999e41ef93d1a763dc821f8,IDT Exchange,"Accounts,Dex"
774,0x04f062809b244e37e7fdc21d9409469c989c2342,Joyso,"Accounts,Dex"
775,0x4524baa98f9a3b9dec57caae7633936ef96bd708,LedgerDex,"Accounts,Dex"
776,0xa94e72c89a6f56e0bd8683f71c3f9f57ec5f4220,Liquid Swap: Emergency Fund,"Accounts,Dex"
777,0x388b14bd1c98bf2464dee988db7eaa98efa54246,Liquid Swap: Staking Rewards,"Accounts,Dex"
778,0xc77a935044c77012a5b7fd109362d252a005cf53,Liquid Swap: Vesting Contract,"Accounts,Dex"
779,0xc692453625023c6e03fec04158ea31ab4de2650a,LocalCoin Dex 1,"Accounts,Dex"
780,0x37c4bcaba4bcf3a605414236b8b108f160eb45a6,LocalCoin Dex 2,"Accounts,Dex"
781,0x8d1c1571367a148e92d6ac83494b1bdf3b497d07,LocalCoin DEX 3,"Accounts,Dex"
782,0x944644ea989ec64c2ab9ef341d383cef586a5777,LoopringDEX: Beta 1,"Accounts,Dex"
783,0x881d40237659c251811cec9c364ef91dc08d300c,Metamask: Swap Router,"Accounts,Dex"
784, 0x51a2b1a38ec83b56009d5e28e6222dbb56c23c22,nDEX Market,"Accounts,Dex"
785,0x794e6e91555438afc3ccf1c5076a74f42133d08d,OasisDEX,"Accounts,Dex"
786,0xc22d5b2951db72b44cfb8089bb8cd374a3c354ea,OpenRelay,"Accounts,Dex"
787,0xd2045edc40199019e221d71c0913343f7908d0d5,Paradex,"Accounts,Dex"
788,0x1bd435f3c054b6e901b7b108a0ab7617c808677b,ParaSwap P4,"Accounts,Dex"
789,0x9509665d015bfe3c77aa5ad6ca20c8afa1d98989,ParaSwap V2,"Accounts,Dex"
790,0xf90e98f3d8dce44632e5020abf2e122e0f99dfab,ParaSwap V3,"Accounts,Dex"
791,0xf92c1ad75005e6436b4ee84e88cb23ed8a290988,ParaSwap: Old Contract 3,"Accounts,Dex"
792,0xa258b39954cef5cb142fd567a46cddb31a670124,Radar Relay,"Accounts,Dex"
793,0xd8b19613723215ef8cc80fc35a1428f8e8826940,Rubic Exchange,"Accounts,Dex"
794,0x1f0d1de1558582ad6f13763f477119a1455502af,Saturn Network 1,"Accounts,Dex"
795,0xaa5bbd5a177a588b9f213505ca3740b444dbd586,Saturn Network 2,"Accounts,Dex"
796,0x55890b06f0877a01bb5349d93b202961f8e27a9b,Shark Relay,"Accounts,Dex"
797,0x9a2d163ab40f88c625fd475e807bbc3556566f80,SingularX,"Accounts,Dex"
798,0x36049d479a97cde1fc6e2a5d2cae30b666ebf92b,Sorbet Finance: Limit Order,"Accounts,Dex"
799,0x0681e844593a051e2882ec897ecd5444efe19ff2,Star Bit Ex,"Accounts,Dex"
800,0x7ee7ca6e75de79e618e88bdf80d0b1db136b22d0,Switcheo Exchange V2,"Accounts,Dex"
801,0x7219612be7036d1bfa933e16ca1246008f38c5fe,The Ocean,"Accounts,Dex"
802,0xc145990e84155416144c532e31f89b840ca8c2ce,THORSwap: RouterV2,"Accounts,Dex"
803,0x1ce7ae555139c5ef5a57cc8d814a867ee6ee33d8,Token.Store,"Accounts,Dex"
804,0x5e150a33ffa97a8d22f59c77ae5487b089ef62e9,TokenJar,"Accounts,Dex"
805,0x7839254cff8aafbdc2da66fe709eb8f17ce09fe5,Tokenlon: AMM Quoter,"Accounts,Dex"
806,0x904144473fde753dc0729608cfeea6f4a8b275e6,Tokenlon: AMM Wrapper,"Accounts,Dex"
807,0xdc6c91b569c98f9f6f74d90f9beff99fdaf4248b,Tokenlon: DEX 1,"Accounts,Dex"
808,0x03f34be1bf910116595db1b11e9d1b2ca5d59659,Tokenlon: DEX 2,"Accounts,Dex"
809,0x0485c25a5e8d7d0c5676d0e6d3bfc4aa597ba0b0,Tokenlon: Permanent Storage,"Accounts,Dex"
810,0x8d90113a1e286a5ab3e496fbd1853f265e5913c6,Tokenlon: PMM,"Accounts,Dex"
811,0x77208a6000691e440026bed1b178ef4661d37426,Totle: Primary,"Accounts,Dex"
812,0xe592427a0aece92de3edee1f18e0157c05861564,Uniswap V3: Router,"Accounts,Dex"
813,0x68b3465833fb72a70ecdf485e0e4c7bd8665fc45,Uniswap V3: Router 2,"Accounts,Dex"
814,0xbd2a43799b83d9d0ff56b85d4c140bce3d1d1c6c,UniswapEX,"Accounts,Dex"
815,0xd97d09f3bd931a14382ac60f156c1285a56bb51b,WeDEX: Beta 2,"Accounts,Dex"
816,0x31efc4aeaa7c39e54a33fdc3c46ee2bd70ae0a09,xPollinate: Transaction Manager,"Accounts,Dex"
817,0x6b175474e89094c44da98b954eedeac495271d0f,Dai Stablecoin (DAI),"TokenTracker,DeFi"
818,0xe1be5d3f34e89de342ee97e6e90d405884da6c67,TRON (TRX),"TokenTracker,DeFi"
819,0x7f39c581f595b53c5cb19bd0b3f8da6c935e2ca0,Wrapped liquid staked Ether 2.0 (wstETH),"TokenTracker,DeFi"
820,0x4ddc2d193948926d02f9b1fe9e1daa0718270ed5,Compound Ether (cETH),"TokenTracker,DeFi"
821,0x853d955acef822db058eb8505911ed77f175b99e,Frax (FRAX),"TokenTracker,DeFi"
822,0x39aa39c021dfbae8fac545936693ac917d5e7563,Compound USD Coin (cUSDC),"TokenTracker,DeFi"
823,0x99d8a9c45b2eca8864373a26d1459e3dff1e17f3,Magic Internet Money (MIM),"TokenTracker,DeFi"
824,0xba3D9687Cf50fE253cd2e1cFeEdE1d6787344Ed5,Aave Interest bearing Aave Token (aAAVE),"TokenTracker,DeFi"
825,0x7fc66500c84a76ad7e9c93437bfc5ac33e2ddae9,Aave Token (AAVE),"TokenTracker,DeFi"
826,0x5d3a536E4D6DbD6114cc1Ead35777bAB948E3643,Compound Dai (cDAI),"TokenTracker,DeFi"
827,0x3155ba85d5f96b2d030a4966af206230e46849cb,THORChain ETH.RUNE (RUNE),"TokenTracker,DeFi"
828,0x9f8f72aa9304c8b593d555f12ef6589cc3a579a2,Maker (MKR),"TokenTracker,DeFi"
829,0x3432b6a60d23ca0dfca7761b7ab56459d9c964d0,Frax Share (FXS),"TokenTracker,DeFi"
830,0x4e3fbd56cd56c3e72c1403e103b45db9da5b9d2b,Convex Token (CVX),"TokenTracker,DeFi"
831,0xD533a949740bb3306d119CC777fa900bA034cd52,Curve DAO Token (CRV),"TokenTracker,DeFi"
832,0x0f3adc247e91c3c50bc08721355a41037e89bc20,Wrapped ANC Token (ANC),"TokenTracker,DeFi"
833,0xc011a73ee8576fb46f5e1c5751ca3b9fe0af2a6f,Synthetix Network Token (SNX),"TokenTracker,DeFi"
834,0x0bc529c00C6401aEF6D220BE8C6Ea1667F6Ad93e,yearn.finance (YFI),"TokenTracker,DeFi"
835,0xf650c3d88d12db855b8bf7d11be6c55a4e07dcc9,Compound USDT (cUSDT),"TokenTracker,DeFi"
836,0x6b3595068778dd592e39a122f4f5a5cf09c90fe2,SushiToken (SUSHI),"TokenTracker,DeFi"
837,0xeb4c2781e4eba804ce9a9803c67d0893436bb27d,renBTC (renBTC),"TokenTracker,DeFi"
838,0x111111111117dc0aa78b770fa6a738034120c302,1INCH Token (1INCH),"TokenTracker,DeFi"
839,0x85eee30c52b0b379b046fb0f85f4f3dc3009afec,KEEP Token (KEEP),"TokenTracker,DeFi"
840,0x767fe9edc9e0df98e07454847909b5e959d7ca0e,Illuvium (ILV),"TokenTracker,DeFi"
841,0x090185f2135308bad17527004364ebcc2d37e5f6,Spell Token (SPELL),"TokenTracker,DeFi"
842,0x720cd16b011b987da3518fbf38c3071d4f0d1495,Flux (FLUX),"TokenTracker,DeFi"
843,0xae12c5930881c53715b369cec7606b70d8eb229f,Coin98 (C98),"TokenTracker,DeFi"
844,0x7825e833d495f3d1c28872415a4aee339d26ac88,pTokens TLOS (TLOS),"TokenTracker,DeFi"
845,0xe53ec727dbdeb9e2d5456c3be40cff031ab40a55,SuperFarm (SUPER),"TokenTracker,DeFi"
846,0xbe1a001fe942f96eea22ba08783140b9dcc09d28,Beta Token (BETA),"TokenTracker,DeFi"
847,0xf6650117017ffd48b725b4ec5a00b414097108a7,XIDO FINANCE (XIDO),"TokenTracker,DeFi"
848,0xba100000625a3754423978a60c9317c58a424e3d,Balancer (BAL),"TokenTracker,DeFi"
849,0x74232704659ef37c08995e386a2e26cc27a8d7b1,Strike Token (STRK),"TokenTracker,DeFi"
850,0x00a8b738E453fFd858a7edf03bcCfe20412f0Eb0,AllianceBlock Token (ALBT),"TokenTracker,DeFi"
851,0x0ff5a8451a839f5f0bb3562689d9a44089738d11,Dopex Rebate Token (rDPX),"TokenTracker,DeFi"
852,0x6468e79A80C0eaB0F9A2B574c8d5bC374Af59414,E-RADIX (eXRD),"TokenTracker,DeFi"
853,0x630d98424efe0ea27fb1b3ab7741907dffeaad78,PEAKDEFI (PEAK),"TokenTracker,DeFi"
854,0xa9b1eb5908cfc3cdf91f9b8b3a74108598009096,Bounce Token (Auction),"TokenTracker,DeFi"
855,0x56d811088235F11C8920698a204A5010a788f4b3,bZx Protocol Token (BZRX),"TokenTracker,DeFi"
856,0x6c8c6b02e7b2be14d4fa6022dfd6d75921d90e4e,Compound Basic Attention Token (cBAT),"TokenTracker,DeFi"
857,0x80c62fe4487e1351b47ba49809ebd60ed085bf52,Clover (CLV),"TokenTracker,DeFi"
858,0x03ab458634910aad20ef5f1c8ee96f1d6ac54919,Rai Reflex Index (RAI),"TokenTracker,DeFi"
859,0xcb84d72e61e383767c4dfeb2d8ff7f4fb89abc6e,VEGA (VEGA),"TokenTracker,DeFi"
860,0x7659ce147d0e714454073a5dd7003544234b6aa0,XCAD Token (XCAD),"TokenTracker,DeFi"
861,0x89d24a6b4ccb1b6faa2625fe562bdd9a23260359,Sai Stablecoin v1.0 (SAI),"TokenTracker,DeFi"
862,0x27702a26126e0B3702af63Ee09aC4d1A084EF628,aleph.im v2 (ALEPH),"TokenTracker,DeFi"
863,0xaaa7a10a8ee237ea61e8ac46c50a8db8bcc1baaa,QANX Token (QANX),"TokenTracker,DeFi"
864,0xb3319f5d18bc0d84dd1b4825dcde5d5f7266d407,Compound 0x (cZRX),"TokenTracker,DeFi"
865,0x19062190b1925b5b6689d7073fdfc8c2976ef8cb,BZZ (BZZ),"TokenTracker,DeFi"
866,0x6123b0049f904d730db3c36a31167d9d4121fa6b,Ribbon (RBN),"TokenTracker,DeFi"
867,0x9D79d5B61De59D882ce90125b18F74af650acB93,Neutrino System Base Token (NSBT),"TokenTracker,DeFi"
868,0x04abeda201850ac0124161f037efd70c74ddc74c,NEST (NEST),"TokenTracker,DeFi"
869,0x0391D2021f89DC339F60Fff84546EA23E337750f,BarnBridge Governance Token (BOND),"TokenTracker,DeFi"
870,0x4c2e59d098df7b6cbae0848d66de2f8a4889b9c3,Fodl (FODL),"TokenTracker,DeFi"
871,0xf8C3527CC04340b208C854E985240c02F7B7793f,Frontier Token (FRONT),"TokenTracker,DeFi"
872,0x1614f18fc94f47967a3fbe5ffcd46d4e7da3d787,PAID Network (PAID),"TokenTracker,DeFi"
873,0x1559fa1b8f28238fd5d76d9f434ad86fd20d1559,Eden (EDEN),"TokenTracker,DeFi"
874,0xfad45e47083e4607302aa43c65fb3106f1cd7607,hoge.finance (HOGE),"TokenTracker,DeFi"
875,0xabe580e7ee158da464b51ee1a83ac0289622e6be,Offshift (XFT),"TokenTracker,DeFi"
876,0x431ad2ff6a9c365805ebad47ee021148d6f7dbe0,dForce (DF),"TokenTracker,DeFi"
877,0xd1e2d5085b39b80c9948aeb1b9aa83af6756bcc5,Wrapped OXEN (wOXEN),"TokenTracker,DeFi"
878,0xf16e81dce15b08f326220742020379b855b87df9,IceToken (ICE),"TokenTracker,DeFi"
879,0x0202Be363B8a4820f3F4DE7FaF5224fF05943AB1,UniLend Finance Token (UFT),"TokenTracker,DeFi"
880,0xab93df617f51e1e415b5b4f8111f122d6b48e55c,Delta Exchange Token (DETO),"TokenTracker,DeFi"
881,0xd528cf2e081f72908e086f8800977df826b5a483,Paribus (PBX),"TokenTracker,DeFi"
882,0x8b39b70e39aa811b69365398e0aace9bee238aeb,PolkaFoundry (PKF),"TokenTracker,DeFi"
883,0x0Ae055097C6d159879521C384F1D2123D1f195e6,STAKE (STAKE),"TokenTracker,DeFi"
884,0xa393473d64d2F9F026B60b6Df7859A689715d092,Lattice Token (LTX),"TokenTracker,DeFi"
885,0xb4371da53140417cbb3362055374b10d97e420bb,Switcheo Token (SWTH),"TokenTracker,DeFi"
886,0x6f40d4a6237c257fff2db00fa0510deeecd303eb,Instadapp (INST),"TokenTracker,DeFi"
887,0x544c42fbb96b39b21df61cf322b5edc285ee7429,InsurAce (INSUR),"TokenTracker,DeFi"
888,0x2f109021afe75b949429fe30523ee7c0d5b27207,OCC (OCC),"TokenTracker,DeFi"
889,0x6bea7cfef803d1e3d5f7c0103f7ded065644e197,Gamma (GAMMA),"TokenTracker,DeFi"
890,0x808507121b80c02388fad14726482e061b8da827,Pendle (PENDLE),"TokenTracker,DeFi"
891,0xee9801669c6138e84bd50deb500827b776777d28,O3 Swap Token (O3),"TokenTracker,DeFi"
892,0xa3BeD4E1c75D00fa6f4E5E6922DB7261B5E9AcD2,Meta (MTA),"TokenTracker,DeFi"
893,0x6399c842dd2be3de30bf99bc7d1bbf6fa3650e70,Premia (PREMIA),"TokenTracker,DeFi"
894,0x4c11249814f11b9346808179cf06e71ac328c1b5,Oraichain Token (ORAI),"TokenTracker,DeFi"
895,0x375abb85c329753b1ba849a601438ae77eec9893,Paragons DAO Token (PDT),"TokenTracker,DeFi"
896,0xbbbbbbb5aa847a2003fbc6b5c16df0bd1e725f61,B.Protocol (BPRO),"TokenTracker,DeFi"
897,0x7778360f035c589fce2f4ea5786cbd8b36e5396b,OpenOcean (OOE),"TokenTracker,DeFi"
898,0xaDB2437e6F65682B85F814fBc12FeC0508A7B1D0,UniCrypt (UNCX),"TokenTracker,DeFi"
899,0x73d7c860998ca3c01ce8c808f5577d94d545d1b4,Ixs Token (IXS),"TokenTracker,DeFi"
900,0xcd1faff6e578fa5cac469d2418c95671ba1a62fe,Torum (XTM),"TokenTracker,DeFi"
901,0x06A01a4d579479Dd5D884EBf61A31727A3d8D442,SmartKey (Skey),"TokenTracker,DeFi"
902,0x8888801af4d980682e47f1a9036e589479e835c5,88mph.app (MPH),"TokenTracker,DeFi"
903,0x9b99cca871be05119b2012fd4474731dd653febe,Antimatter.Finance Governance Token (MATTER),"TokenTracker,DeFi"
904,0x4a615bb7166210cce20e6642a6f8fb5d4d044496,NAOSToken (NAOS),"TokenTracker,DeFi"
905,0xf938424f7210f31df2aee3011291b658f872e91e,VISOR (VISR),"TokenTracker,DeFi"
906,0x5f0bc16d50f72d10b719dbf6845de2e599eb5624,VENT (VENT),"TokenTracker,DeFi"
907,0xcafe34bae6f1b23a6b575303edcc0578d2188131,Minter BIP (BIPX),"TokenTracker,DeFi"
908,0xd478161c952357f05f0292b56012cd8457f1cfbf,Polkamarkets (POLK),"TokenTracker,DeFi"
909,0x69A95185ee2a045CDC4bCd1b1Df10710395e4e23,$Poolz Finance (POOLZ),"TokenTracker,DeFi"
910,0x6149c26cd2f7b5ccdb32029af817123f6e37df5b,Launchpool token (LPOOL),"TokenTracker,DeFi"
911,0xcfeaead4947f0705a14ec42ac3d44129e1ef3ed5,Notional (NOTE),"TokenTracker,DeFi"
912,0x3ec8798b81485a254928b70cda1cf0a2bb0b74d7,Gro DAO Token (GRO),"TokenTracker,DeFi"
913,0xdef1fac7bf08f173d286bbbdcbeeade695129840,Cerby Token (CERBY),"TokenTracker,DeFi"
914,0x1f8a626883d7724dbd59ef51cbd4bf1cf2016d13,Jigstack (STAK),"TokenTracker,DeFi"
915,0xea1ea0972fa092dd463f2968f9bb51cc4c981d71,Modefi (MOD),"TokenTracker,DeFi"
916,0xC11b1268C1A384e55C48c2391d8d480264A3A7F4,Compound Wrapped BTC (cWBTC),"TokenTracker,DeFi"
917,0x1f9840a85d5af5bf1d1762f925bdaddc4201f984,Uniswap (UNI),"TokenTracker,Dex"
918,0x3155ba85d5f96b2d030a4966af206230e46849cb,THORChain ETH.RUNE (RUNE),"TokenTracker,Dex"
919,0x111111111117dc0aa78b770fa6a738034120c302,1INCH Token (1INCH),"TokenTracker,Dex"
920,0xd26114cd6EE289AccF82350c8d8487fedB8A0C07,OMG Network (OMG),"TokenTracker,Dex"
921,0xe41d2489571d322189246dafa5ebde1f4699f498,ZRX (ZRX),"TokenTracker,Dex"
922,0xf99d58e463a2e07e5692127302c20a191861b4d6,Anyswap (ANY),"TokenTracker,Dex"
923,0x65ef703f5594d2573eb71aaf55bc0cb548492df4,Multichain (MULTI),"TokenTracker,Dex"
924,0xe28b3B32B6c345A34Ff64674606124Dd5Aceca30,Injective Token (INJ),"TokenTracker,Dex"
925,0x3A8cCCB969a61532d1E6005e2CE12C200caeCe87,TitanSwap (Titan),"TokenTracker,Dex"
926,0xba100000625a3754423978a60c9317c58a424e3d,Balancer (BAL),"TokenTracker,Dex"
927,0xb705268213d593b8fd88d3fdeff93aff5cbdcfae,IDEX Token (IDEX),"TokenTracker,Dex"
928,0xdddd0e38d30dd29c683033fa0132f868597763ab,StakedDVF (xDVF),"TokenTracker,Dex"
929,0xdddddd4301a082e62e84e43f474f044423921918,DeversiFi Token (DVF),"TokenTracker,Dex"
930,0x6c28AeF8977c9B773996d0e8376d2EE379446F2f,Quickswap (QUICK),"TokenTracker,Dex"
931,0xcafe001067cdef266afb7eb5a286dcfd277f3de5,ParaSwap (PSP),"TokenTracker,Dex"
932,0x27054b13b1b798b345b591a4d22e6562d47ea75a,AirSwap (AST),"TokenTracker,Dex"
933,0x808507121b80c02388fad14726482e061b8da827,Pendle (PENDLE),"TokenTracker,Dex"
934,0xed0439eacf4c4965ae4613d77a5c2efe10e5f183,shroom.finance (SHROOM),"TokenTracker,Dex"
935,0x0B6F3c17e1626a7cBfA4302CE4E3c45522d23A83,WardenSwap (WAD),"TokenTracker,Dex"
936,0x4e352cF164E64ADCBad318C3a1e222E9EBa4Ce42,MCDEX Token (MCB),"TokenTracker,Dex"
937,0x701c244b988a513c945973defa05de933b23fe1d,OpenANX (OAX),"TokenTracker,Dex"
938,0x0b342c51d1592c41068d5d4b4da4a68c0a04d5a4,OneSwap (ONES),"TokenTracker,Dex"
939,0xc813EA5e3b48BEbeedb796ab42A30C5599b01740,Autonio (NIOX),"TokenTracker,Dex"
940,0x155ff1A85F440EE0A382eA949f24CE4E0b751c65,Behodler.io (EYE),"TokenTracker,Dex"
941,0x9af839687f6c94542ac5ece2e317daae355493a1,Hydro Protocol (HOT),"TokenTracker,Dex"
942,0x1a23a6BfBAdB59fa563008c0fB7cf96dfCF34Ea1,CoFi Token (CoFi),"TokenTracker,Dex"
943,0x89bd2e7e388fab44ae88bef4e1ad12b4f1e0911c,NUX Peanut.trade (NUX),"TokenTracker,Dex"
944,0x2e1E15C44Ffe4Df6a0cb7371CD00d5028e571d14,Mettalex (MTLX),"TokenTracker,Dex"
945,0x7777777777697cfeecf846a76326da79cc606517,xSigma (SIG),"TokenTracker,Dex"
946,0x6cacdb97e3fc8136805a9e7c342d866ab77d0957,Swapr (SWPR),"TokenTracker,Dex"
947,0xbae5f2d8a1299e5c4963eaff3312399253f27ccb,SOAR.FI (SOAR),"TokenTracker,Dex"
948,0xf921ae2dac5fa128dc0f6168bf153ea0943d2d43,Fire Protocol (FIRE),"TokenTracker,Dex"
949,0x9f20ed5f919dc1c1695042542c13adcfc100dcab,Component (CMP),"TokenTracker,Dex"
950,0xf1f5De69C9C8D9BE8a7B01773Cc1166D4Ec6Ede2,Definitex (DFX),"TokenTracker,Dex"
951,0x286c0936c7eaf6651099ab5dab9ee5a6cb5d229d,Kwikswap (KWIK),"TokenTracker,Dex"
952,0x578301f78b7269261cea3c968f0643fb1a101e5e,HolderSwap (HFS),"TokenTracker,Dex"
953,0x041fdd6637eCfD96af8804278AC12660ac2D12c0,SwapDEX (SDX),"TokenTracker,Dex"
954,0xf5ed2dc77f0d1ea7f106ecbd1850e406adc41b51,The Ocean Token (OCEAN),"TokenTracker,Dex"
955,0x2a4A071BCe925D210797c6FB0BC7bd08a80Cb9c2,Burger Token (BURGER),"TokenTracker,Dex"
956,0xC36442b4a4522E871399CD717aBDD847Ab11FE88,Uniswap V3: Positions NFT (UNI-V3-POS),"TokenTracker,Dex"
957,0xb9440022a095343b440d590fcd2d7a3794bd76c8,Saturn DAO Token (SATURN),"TokenTracker,Dex"
958,0xCAC7a8aeC77372449412cA7C1FC945B615EAa957,Yolex.io (YEX),"TokenTracker,Dex"
959,0x20e94867794dba030ee287f1406e100d03c84cd3,DEW (DEW),"TokenTracker,Dex"
960,0xf217f7df49f626f83f40d7d5137d663b1ec4ee6e,STRONG (STRONG),"TokenTracker,Dex"
961,0xb566e883555aebf5b1db211070b530ab00a4b18a,DCTDAO (DCTD),"TokenTracker,Dex"
962,0x8f041a3940a5e6fb580075c3774e15fcfa0e1618,oneWING (oneWING),"TokenTracker,Dex"
963,0xD905e2eaeBe188fc92179b6350807D8bd91Db0D8,Curve.fi DAI/USDC/USDT/PAX (ypaxCrv),"TokenTracker,Dex"
964,0xCEDDf3a74F9E5012E651428963b9083Ba5E559c4,FX99 (XCIX),"TokenTracker,Dex"
965,0xce1298ef635326d9f197963e49e1e67422761897,PiSwap Token (PIS),"TokenTracker,Dex"
966,0x7866E48C74CbFB8183cd1a929cd9b95a7a5CB4F4,DexKit (KIT),"TokenTracker,Dex"
967,0x08130635368AA28b217a4dfb68E1bF8dC525621C,AfroDex (AfroX),"TokenTracker,Dex"
968,0x8c5E6FdFa54B0027E10d9438E8515b6FA6c38FcC,ICETEA.Finance (ICET),"TokenTracker,Dex"
969,0x03d1b1a56708fa298198dd5e23651a29b76a16d2,1INCH Token (Vested) (v1INCH),"TokenTracker,Dex"
970,0x24ea9c1cfd77a8db3fb707f967309cf013cc1078,CAVO (CAVO),"TokenTracker,Dex"
971,0xDDe12a12A6f67156e0DA672be05c374e1B0a3e57,JOYSO (JOY),"TokenTracker,Dex"
972,0x1712Aad2C773ee04bdC9114b32163c058321CD85,LimitSwap (LIMIT),"TokenTracker,Dex"
973,0x73627974adea82397bcf7fac5848207cce88938d,Resardis Token (RSD),"TokenTracker,Dex"
974,0xff0677aa319585fecd5b06a0bae4d918422ce0e5,EDT2 (EDT2),"TokenTracker,Dex"
975,0x946ea588417ffa565976efda354d82c01719a2ea,SWZL (SWZL),"TokenTracker,Dex"
976,0x18Cc17a1EeD37C02A77B0B96b7890C7730E2a2CF,oneLINK (oneLINK),"TokenTracker,Dex"
977,0x5967BE3D7B38CEa1f3E5f8d7dEB7860cCfa21CB2,Onto Swap (OSWAP),"TokenTracker,Dex"
978,0xcfde94e82f2224Ce9fEb65108e9327c9493BEa17,Unico Defi (UNICO),"TokenTracker,Dex"
979,0x546aaa98627797c04c48ac716db36314285b4b5a,X0swap Token (X0),"TokenTracker,Dex"
980,0xD8a8843b0a5aba6B030E92B3F4d669FaD8A5BE50,AfroDex Labs Token (AFDLT),"TokenTracker,Dex"
981,0xefc1c73a3d8728dc4cf2a18ac5705fe93e5914ac,Metric.exchange (METRIC),"TokenTracker,Dex"
982,0x96cf107e446a6e528ffd045f4eb6dff3cdb6a666,3XT TOKEN (3XT),"TokenTracker,Dex"
983,0x66e5dbc7fece1d31eb60af8cfa0563ec0d1a81bd,BitEye Token (BEY),"TokenTracker,Dex"
984,0x1d32916cfa6534d261ad53e2498ab95505bd2510,YouSwap (YOU),"TokenTracker,Dex"
985,0xBa21Ef4c9f433Ede00badEFcC2754B8E74bd538A,Swapfolio (SWFL),"TokenTracker,Dex"
986,0xc88f47067db2e25851317a2fdae73a22c0777c37,oneBTC (oneBTC),"TokenTracker,Dex"
987,0x896e145568624a498c5a909187363ae947631503,Wasabi (WASABI),"TokenTracker,Dex"
988,0x6d38574be6c230272daad16fa5f291f825bd0da1,Dinngo (DGO),"TokenTracker,Dex"
989,0x3ed3b47dd13ec9a98b44e6204a523e766b225811,Aave interest bearing USDT (aUSDT),"TokenTracker,DeFi"
990,0xbcca60bb61934080951369a648fb03df4f96263c,Aave interest bearing USDC (aUSDC),"TokenTracker,DeFi"
991,0xdf7ff54aacacbff42dfe29dd6144a69b629f8c9e,Aave interest bearing ZRX (aZRX),"TokenTracker,DeFi"
992,0x5165d24277cd063f5ac44efd447b27025e888f37,Aave interest bearing YFI (aYFI),"TokenTracker,DeFi"
993,0x028171bca77440897b824ca71d1c56cac55b68a3,Aave interest bearing DAI (aDAI),"TokenTracker,DeFi"
994,0x6c5024cd4f8a59110119c56f8933403a539555eb,Aave interest bearing SUSD (aSUSD),"TokenTracker,DeFi"
995,0xa361718326c15715591c299427c62086f69923d9,Aave interest bearing BUSD (aBUSD),"TokenTracker,DeFi"
996,0x35f6b052c598d933d69a4eec4d04c73a191fe6c2,Aave interest bearing SNX (aSNX),"TokenTracker,DeFi"
997,0x030ba81f1c18d280636f32af80b9aad02cf0854e,Aave interest bearing WETH (aWETH),"TokenTracker,DeFi"
998,0x05ec93c0365baaeabf7aeffb0972ea7ecdd39cf1,Aave interest bearing BAT (aBAT),"TokenTracker,DeFi"
999,0xcc12abe4ff81c9378d670de1b57f8e0dd228d77a,Aave interest bearing REN (aREN),"TokenTracker,DeFi"
1000,0x9ff58f4ffb29fa2266ab25e75e2a8b3503311656,Aave interest bearing WBTC (aWBTC),"TokenTracker,DeFi"
1001,0xc713e5e149d5d0715dcd1c156a020976e7e56b88,Aave interest bearing MKR (aMKR),"TokenTracker,DeFi"
1002,0xa685a61171bb30d4072b338c80cb7b2c865c873e,Aave interest bearing MANA (aMANA),"TokenTracker,DeFi"
1003,0xa06bc25b5805d5f8d82847d191cb4af5a3e873e0,Aave interest bearing LINK (aLINK),"TokenTracker,DeFi"
1004,0x39c6b3e42d6a679d7d776778fe880bc9487c2eda,Aave interest bearing KNC (aKNC),"TokenTracker,DeFi"
1005,0xb9d7cb55f463405cdfbe4e90a6d2df01c2b92bf1,Aave interest bearing UNI (aUNI),"TokenTracker,DeFi"
1006,0xac6df26a590f08dcc95d5a4705ae8abbc88509ef,Aave interest bearing ENJ (aENJ),"TokenTracker,DeFi"
1007,0x101cc05f4a51c0319f570d5e146a8c625198e636,Aave interest bearing TUSD (aTUSD),"TokenTracker,DeFi"
1008,0x0aee8703d34dd9ae107386d3eff22ae75dd616d1,Tranche Finance (SLICE),"TokenTracker,DeFi"
1009,0x01e0e2e61f554ecaaec0cc933e739ad90f24a86d,Graviton (GTON),"TokenTracker,DeFi"
1010,0x2e85ae1C47602f7927bCabc2Ff99C40aA222aE15,Katana Inu (KATA),"TokenTracker,DeFi"
1011,0x5218E472cFCFE0b64A064F055B43b4cdC9EfD3A6,UnFederalReserveToken (eRSDL),"TokenTracker,DeFi"
1012,0x054D64b73d3D8A21Af3D764eFd76bCaA774f3Bb2,Plasma (PPAY),"TokenTracker,DeFi"
1013,0xad41f311c835224447c54c98fadf5e0ad9eff077,StandardDividend (dSTND),"TokenTracker,DeFi"
1014,0x9040e237c3bf18347bb00957dc22167d0f2b999d,Standard (STND),"TokenTracker,DeFi"
1015,0x7b35ce522cb72e4077baeb96cb923a5529764a00,Impermax (IMX),"TokenTracker,DeFi"
1016,0x8dB253a1943DdDf1AF9bcF8706ac9A0Ce939d922,Unbound (UNB),"TokenTracker,DeFi"
1017,0xfc979087305a826c2b2a0056cfaba50aad3e6439,DAFI Token (DAFI),"TokenTracker,DeFi"
1018,0x72377f31e30a405282b522d588aebbea202b4f23,Varen (VRN),"TokenTracker,DeFi"
1019,0xe4cfe9eaa8cdb0942a80b7bc68fd8ab0f6d44903,XEND (XEND),"TokenTracker,DeFi"
1020,0xaf9f549774ecedbd0966c52f250acc548d3f36e5,Rio Fuel Token (RFuel),"TokenTracker,DeFi"
1021,0xcbfef8fdd706cde6f208460f2bf39aa9c785f05d,Kine Governance Token (KINE),"TokenTracker,DeFi"
1022,0xa130e3a33a4d84b04c3918c4e5762223ae252f80,Swash Token (SWASH),"TokenTracker,DeFi"
1023,0xcd2828fc4d8e8a0ede91bb38cf64b1a81de65bf6,OddzToken (ODDZ),"TokenTracker,DeFi"
1024,0x888888435fde8e7d4c54cab67f206e4199454c60,DFX Token (DFX),"TokenTracker,DeFi"
1025,0x491e136ff7ff03e6ab097e54734697bb5802fc1c,Kattana (KTN),"TokenTracker,DeFi"
1026,0x5a666c7d92e5fa7edcb6390e4efd6d0cdd69cf37,UnmarshalToken (MARSH),"TokenTracker,DeFi"
1027,0xea3983fc6d0fbbc41fb6f6091f68f3e08894dc06,Unido (UDO),"TokenTracker,DeFi"
1028,0xffffffff2ba8f66d4e51811c5190992176930278,Furucombo (COMBO),"TokenTracker,DeFi"
1029,0x9f9c8ec3534c3ce16f928381372bfbfbfb9f4d24,GraphLinq (GLQ),"TokenTracker,DeFi"
1030,0x43A96962254855F16b925556f9e97BE436A43448,HORD Token (HORD),"TokenTracker,DeFi"
1031,0x8eEF5a82E6Aa222a60F009ac18c24EE12dBf4b41,Tixl Token (TXL),"TokenTracker,DeFi"
1032,0x2e2364966267B5D7D2cE6CD9A9B5bD19d9C7C6A9,Voice Token (VOICE),"TokenTracker,DeFi"
1033,0xdc5864ede28bd4405aa04d93e05a0531797d9d59,Falcon (FNT),"TokenTracker,DeFi"
1034,0x7705c572d9cc824fBA4e4EFb40F00916534396d9,KimchiSwap (KSWAP),"TokenTracker,Dex"
1035,0xb1ed41dc1fe9b723a31137afdd1201d17917fe91,Alttex (ALTX),"TokenTracker,Dex"
1036,0xA1aC1450ee86c35d1F959f2792cB8cef726Bb60d,YearnSwap (YFSW),"TokenTracker,Dex"
1037,0x6f4d597f17e723f2474002d34ae7284291520f3a,Boxswap (BOXI),"TokenTracker,Dex"
1038,0x6c3F90f043a72FA612cbac8115EE7e52BDe6E490,Curve.fi DAI/USDC/USDT (3Crv),"TokenTracker,Dex"
1039,0x380291A9A8593B39f123cF39cc1cc47463330b1F,Elite Swap (ELT),"TokenTracker,Dex"
1040,0x4b21fe3dcbfba42a1e52dc2f2ad332e177f7e1b1,DEC777Token (DEC),"TokenTracker,Dex"
1041,0xc2db4c131adaf01c15a1db654c040c8578929d55,Wasabi USD (waUSD),"TokenTracker,Dex"
1042,0x075b1bb99792c9E1041bA13afEf80C91a1e70fB3,Curve.fi renBTC/wBTC/sBTC (crvRenWSBTC),"TokenTracker,Dex"
1043,0x5197FBE1a86679FF1360E27862BF88B0c5119BD8,BITPIF (BPF),"TokenTracker,Dex"
1044,0x39f77C98c6a3835A756fCa3b54A1d5B20D1Fbf26,Specie Token (XSP),"TokenTracker,Dex"
1045,0xdf44a80c17813789f60090638827aeb23698b122,stableDEX (STDEX),"TokenTracker,Dex"
1046,0x83e6f1E41cdd28eAcEB20Cb649155049Fac3D5Aa,PolkastarterToken (POLS),"TokenTracker,Dex"
1047,0xc888a0ab4831a29e6ca432babf52e353d23db3c2,FastSwapToken (FAST),"TokenTracker,Dex"
1048,0xf4065e4477e91c177ded71a7a6fb5ee07dc46bc9,CEDEX (CEDEX),"TokenTracker,Dex"
1049,0x52a56685EeFc648F01F97ecE0184DA416410B0DA,ALLCOINSWAP (WAP),"TokenTracker,Dex"
1050,0xC25a3A3b969415c80451098fa907EC722572917F,Curve.fi DAI/USDC/USDT/sUSD (crvPlain3andSUSD),"TokenTracker,Dex"
1051,0x61f532EF937E809567d69531Ae533595402Bb4A8,pumpgastoken (PUMP),"TokenTracker,Dex"
1052,0xc0ebCb68fC449104Fd74E792fbe7153Ad242F095,One Piece Coin (BELLY),"TokenTracker,Dex"
1053,0x1b8568fbb47708e9e9d31ff303254f748805bf21,Scarcity (SCX),"TokenTracker,Dex"
1054,0xe17807e05289b7555d24A07A201aDAb19Bda63f8,ToraSwap (TORA),"TokenTracker,Dex"
1055,0xfbbe9b1142c699512545f47937ee6fae0e4b0aa9,EDDA (EDDA),"TokenTracker,Dex"
1056,0x845838df265dcd2c412a1dc9e959c7d08537f8a2,Curve.fi cDAI/cUSDC (cDAI+cUSDC),"TokenTracker,Dex"
1057,0x8d10e4b59db263ef4e7b88fcaacfc9ecb821a962,Bittilo (BTLO),"TokenTracker,Dex"
1058,0x579353231F3540B218239774422962C64a3693e7,Bitcratic Revenue (BCTR),"TokenTracker,Dex"
1059,0x9ae559ac062de221eb5198d90c27e45e85fcaab2,Herdius (HER),"TokenTracker,Dex"
1060,0x1E02cdbbA6729B6470de81Ad4D2cCA4c514521b9,Mobius Token (MOT),"TokenTracker,Dex"
1061,0x3b3ac5386837dc563660fb6a0937dfaa5924333b,Curve.fi yDAI/yUSDC/yUSDT/yBUSD (yDAI+yUSDC+yUSDT+yBUSD),"TokenTracker,Dex"
1062,0x80c8c3dcfb854f9542567c8dac3f44d709ebc1de,MilkyWay Token by SpaceSwap v2 (MILK2),"TokenTracker,DeFi"
1063,0x501acE9c35E60f03A2af4d484f49F9B1EFde9f40,solace (SOLACE),"TokenTracker,DeFi"
1064,0x315dc1b524de57ae8e809a2e97699dbc895b8a21,PIST TRUST (PIST),"TokenTracker,DeFi"
1065,0x3405a1bd46b85c5c029483fbecf2f3e611026e45,WOWswap (WOW),"TokenTracker,DeFi"
1066,0x0E29e5AbbB5FD88e28b2d355774e73BD47dE3bcd,Hakka Finance (HAKKA),"TokenTracker,DeFi"
1067,0x794Baab6b878467F93EF17e2f2851ce04E3E34C8,YIN Finance (YIN),"TokenTracker,DeFi"
1068,0x24a6a37576377f63f194caa5f518a60f45b42921,Float Bank (BANK),"TokenTracker,DeFi"
1069,0x9f7229aF0c4b9740e207Ea283b9094983f78ba04,Tadpole (TAD),"TokenTracker,DeFi"
1070,0xf5dce57282a584d2746faf1593d3121fcac444dc,Compound Sai (cSAI),"TokenTracker,DeFi"
1071,0x797de1dc0b9faf5e25c1f7efe8df9599138fa09d,Genesis Pool (GPOOL),"TokenTracker,DeFi"
1072,0xbebdab6da046bc49ffbb61fbd7b33157eb270d05,Shard (SHARD),"TokenTracker,DeFi"
1073,0x5d30ad9c6374bf925d0a75454fa327aacf778492,Peri Finance Token (PERI),"TokenTracker,DeFi"
1074,0x68037790a0229e9ce6eaa8a99ea92964106c4703,PAR Stablecoin (PAR),"TokenTracker,DeFi"
1075,0xff75ced57419bcaebe5f05254983b013b0646ef5,Cook Token (COOK),"TokenTracker,DeFi"
1076,0xf4b5470523ccd314c6b9da041076e7d79e0df267,BlockBank (BBANK),"TokenTracker,DeFi"
1077,0xb05097849bca421a3f51b249ba6cca4af4b97cb9,Float Protocol: FLOAT (FLOAT),"TokenTracker,DeFi"
1078,0x6110c64219621ce5b02fb8e8e57b54c01b83bf85,Node Squared (N2),"TokenTracker,DeFi"
1079,0x9aeB50f542050172359A0e1a25a9933Bc8c01259,oinfinance (OIN),"TokenTracker,DeFi"
1080,0xe516d78d784c77d479977be58905b3f2b1111126,BitSpawn Token (SPWN),"TokenTracker,DeFi"
1081,0xd0660cd418a64a1d44e9214ad8e459324d8157f1,Woofy (WOOFY),"TokenTracker,DeFi"
1082,0x80ce3027a70e0a928d9268994e9b85d03bd4cdcf,Polkalokr (LKR),"TokenTracker,DeFi"
1083,0x5BEfBB272290dD5b8521D4a938f6c4757742c430,Xfinance (XFI),"TokenTracker,DeFi"
1084,0x155ff1A85F440EE0A382eA949f24CE4E0b751c65,Behodler.io (EYE),"TokenTracker,DeFi"
1085,0x5eaa69b29f99c84fe5de8200340b4e9b4ab38eac,Raze Network (RAZE),"TokenTracker,DeFi"
1086,0xe4f726adc8e89c6a6017f01eada77865db22da14,PieDAO Balanced Crypto Pie (BCP),"TokenTracker,DeFi"
1087,0x3832d2F059E55934220881F831bE501D180671A7,renDOGE (renDOGE),"TokenTracker,DeFi"
1088,0xaE6e307c3Fe9E922E5674DBD7F830Ed49c014c6B,CREDI (CREDI),"TokenTracker,DeFi"
1089,0x62786eeacc9246b4018e0146cb7a3efeacd9459d,LessToken (LESS),"TokenTracker,DeFi"
1090,0x635d081fd8f6670135d8a3640e2cf78220787d56,ADD (ADD),"TokenTracker,DeFi"
1091,0x78f225869c08d478c34e5f645d07a87d3fe8eb78,PieDAO DEFI Large Cap (DEFI+L),"TokenTracker,DeFi"
1092,0x2129fF6000b95A973236020BCd2b2006B0D8E019,MYX Network (MYX),"TokenTracker,DeFi"
1093,0x03042482d64577A7bdb282260e2eA4c8a89C064B,Centaur Token (CNTR),"TokenTracker,DeFi"
1094,0x40821cd074dfecb1524286923bc69315075b5c89,QUAI (QUAI),"TokenTracker,DeFi"
1095,0x9a1997c130f4b2997166975d9aff92797d5134c2,Bond Appetite USD (USDap),"TokenTracker,DeFi"
1096,0x40986a85b4cfcdb054a6cbfb1210194fee51af88,UNIFARM Token (UFARM),"TokenTracker,DeFi"
1097,0xd0345d30fd918d7682398acbcdf139c808998709,Lixir Token (LIX),"TokenTracker,DeFi"
1098,0x6d1DC3928604b00180Bb570BdAe94b9698d33b79,UnitedCrowd Token (UCT),"TokenTracker,DeFi"
1099,0x24E3794605C84E580EEA4972738D633E8a7127c8,Katalyo Token (KTLYO),"TokenTracker,DeFi"
1100,0xb8647e90c0645152fccf4d9abb6b59eb4aa99052,KeyFi Token (KEYFI),"TokenTracker,DeFi"
1101,0xbd4a858139b155219e2c8d10135003fdef720b6b,Saren (SAR),"TokenTracker,DeFi"
1102,0x8d1ce361eb68e9e05573443c407d4a3bed23b033,PieDAO DEFI++ (DEFI++),"TokenTracker,DeFi"
1103,0xad6a626ae2b43dcb1b39430ce496d2fa0365ba9c,PieDAO DEFI Small Cap (DEFI+S),"TokenTracker,DeFi"
1104,0x0000000de40dfa9b17854cbc7869d80f9f98d823,delta.theta (DLTA),"TokenTracker,DeFi"
1105,0xdef1da03061ddd2a5ef6c59220c135dec623116d,Lepricon (L3P),"TokenTracker,DeFi"
1106,0x8185bc4757572da2a610f887561c32298f1a5748,Aluna (ALN),"TokenTracker,DeFi"
1107,0xf7413489c474ca4399eee604716c72879eea3615,APYSwap (APYS),"TokenTracker,DeFi"
1108,0x8a6f3bf52a26a21531514e23016eeae8ba7e7018,Multiplier (MXX),"TokenTracker,DeFi"
1109,0x44f262622248027f8e2a8fb1090c4cf85072392c,INVERSE (XIV),"TokenTracker,DeFi"
1110,0x68bb81b3f67f7aab5fd1390ecb0b8e1a806f2465,NFT Platform Index (NFTP),"TokenTracker,DeFi"
1111,0x7777777777697cfeecf846a76326da79cc606517,xSigma (SIG),"TokenTracker,DeFi"
1112,0x06af07097c9eeb7fd685c692751d5c66db49c215,Chai (CHAI),"TokenTracker,DeFi"
1113,0xe94b97b6b43639e238c851a7e693f50033efd75c,Rainbow Token (RNBW),"TokenTracker,DeFi"
1114,0x0e58ed58e150dba5fd8e5d4a49f54c7e1e880124,Relite (RELI),"TokenTracker,DeFi"
1115,0x6006FC2a849fEdABa8330ce36F5133DE01F96189,SHAKE token by SpaceSwap v2 (SHAKE),"TokenTracker,DeFi"
1116,0x20a68f9e34076b2dc15ce726d7eebb83b694702d,Defiville Island Token (ISLA),"TokenTracker,DeFi"
1117,0x0f7e1e6c9b67972a0ab31f47ab3e94b60be37d86,Hertz Network (HTZ),"TokenTracker,DeFi"
1118,0xd49efa7bc0d339d74f487959c573d518ba3f8437,Shield Finance Token (SHLD),"TokenTracker,DeFi"
1119,0xa8b61cff52564758a204f841e636265bebc8db9b,Yield Protocol (YIELD),"TokenTracker,DeFi"
1120,0x0327112423f3a68efdf1fcf402f6c5cb9f7c33fd,PieDAO BTC++ (BTC++),"TokenTracker,DeFi"
1121,0x8d610e20481f4c4f3acb87bba9c46bef7795fdfe,Unity Network (UNT),"TokenTracker,DeFi"
1122,0xdcb01cc464238396e213a6fdd933e36796eaff9f,Yield (YLD),"TokenTracker,DeFi"
1123,0x0ada190c81b814548ddc2f6adc4a689ce7c1fe73,yAxis V2 (YAXIS),"TokenTracker,DeFi"
1124,0xf009f5531dE69067435e32c4b9D36077F4C4A673,Unvest (UNV),"TokenTracker,DeFi"
1125,0x182f4c4c97cd1c24e1df8fc4c053e5c47bf53bef,keyTango Token (TANGO),"TokenTracker,DeFi"
1126,0x28a06c02287e657ec3f8e151a13c36a1d43814b0,BondAppetit Governance (BAG),"TokenTracker,DeFi"
1127,0x1DE5e000C41C8d35b9f1f4985C23988f05831057,BonFi (BNF),"TokenTracker,DeFi"
1128,0x77dce26c03a9b833fc2d7c31c22da4f42e9d9582,DAOventuresDeFi (DVD),"TokenTracker,DeFi"
1129,0x51e00a95748dbd2a3f47bc5c3b3e7b3f0fea666c,DVGToken (DVG),"TokenTracker,DeFi"
1130,0xbc194e6f748a222754c3e8b9946922c09e7d4e91,Lever Token (LEV),"TokenTracker,DeFi"
1131,0x469eDA64aEd3A3Ad6f868c44564291aA415cB1d9,FLUX (FLUX),"TokenTracker,DeFi"
1132,0x59e9261255644c411afdd00bd89162d09d862e38,ETHA (ETHA),"TokenTracker,DeFi"
1133,0xf6537fe0df7f0cc0985cf00792cc98249e73efa0,GIVToken (GIV),"TokenTracker,DeFi"
1134,0x368306eb52c8313fd398418c8220ddd560940e68,SwapMatic Token (SWAM),"TokenTracker,DeFi"
1135,0x06677dc4fe12d3ba3c7ccfd0df8cd45e4d4095bf,Work Quest Token (WQT),"TokenTracker,DeFi"
1136,0x0acc0fee1d86d2cd5af372615bf59b298d50cd69,Invest Like Stakeborg Index (ILSI),"TokenTracker,Index"
1137,0x345c9ae61ff6e68b319d61082a017ba854892488,InsurAce Protocol: Deployer,"Accounts,DeFianceCapital"
1138,0x544c42fbb96b39b21df61cf322b5edc285ee7429,InsurAce Protocol: INSUR Token,"Accounts,DeFianceCapital"
